Metadata_pert_name,mAP,p_value,corrected_p_value,below_p,p < 0.05,-log10(mAP p-value),Cell type,markers,const,control_barcodes,Metadata_gene_name
AKT1-1,0.09111718453826305,0.0922907709229077,0.1510143103336725,False,False,0.8209818963858209,A549,p>=0.05,1.0,cutting_control,AKT1
AKT1-2,0.07761333845138896,0.12168783121687832,0.16444301515794368,False,False,0.7839845687777738,A549,p>=0.05,1.0,cutting_control,AKT1
ARID1B-1,0.07417042155716784,0.131986801319868,0.16921384784598462,False,False,0.7715640987614932,A549,p>=0.05,1.0,cutting_control,ARID1B
ARID1B-2,0.06549617822178133,0.16518348165183483,0.2001004718805228,False,False,0.6987518872015421,A549,p>=0.05,1.0,cutting_control,ARID1B
ATF4-1,0.6580494723141782,9.999000099990002e-05,0.0005555000055550001,True,True,3.2553159323801686,A549,p<0.05,1.0,cutting_control,ATF4
ATF4-2,0.7603330220977279,9.999000099990002e-05,0.0005555000055550001,True,True,3.2553159323801686,A549,p<0.05,1.0,cutting_control,ATF4
ATP50-1,0.15027229031962516,0.034996500349965,0.0853573179267439,True,False,1.0687592396463226,A549,p<0.05,1.0,cutting_control,ATP50
ATP50-2,0.2076679501200944,0.0282971702829717,0.0786032507860325,True,False,1.1045594925198596,A549,p<0.05,1.0,cutting_control,ATP50
AURKB-2,0.036484019264323764,0.46715328467153283,0.46715328467153283,False,False,0.3305405931725196,A549,p>=0.05,1.0,cutting_control,AURKB
BCL2-1,0.04832225106393403,0.28717128287171284,0.3087863256685084,False,False,0.5103419402605351,A549,p>=0.05,1.0,cutting_control,BCL2
BCL2-2,0.14592914226392661,0.0374962503749625,0.08720058226735465,True,False,1.0594806151287304,A549,p<0.05,1.0,cutting_control,BCL2
BCL2L2-1,0.04708518076783761,0.2996700329967003,0.3187979074432982,False,False,0.4964845379309166,A549,p>=0.05,1.0,cutting_control,BCL2L2
BCL2L2-2,0.0518553495028251,0.25247475252474755,0.28367949721881747,False,False,0.5471720514670952,A549,p>=0.05,1.0,cutting_control,BCL2L2
BCL2L2-4,0.09881136592897895,0.0795920407959204,0.13963515929108844,False,False,0.855005215211685,A549,p>=0.05,1.0,cutting_control,BCL2L2
BRAF-2,0.10273445410396274,0.07379262073792621,0.13776400137764,False,False,0.8608642515539525,A549,p>=0.05,1.0,cutting_control,BRAF
BRAF1-1,0.08851965933345475,0.09709029097090291,0.1510143103336725,False,False,0.8209818963858209,A549,p>=0.05,1.0,cutting_control,BRAF1
BRCA1-1,0.07056171244926542,0.14528547145285473,0.18160683931606839,False,False,0.7408677999707848,A549,p>=0.05,1.0,cutting_control,BRCA1
BRCA1-2,0.08587071294970744,0.10268973102689731,0.1510143103336725,False,False,0.8209818963858209,A549,p>=0.05,1.0,cutting_control,BRCA1
BRD4-1,0.08074750547513189,0.11388861113888611,0.15817862658178627,False,False,0.8008521996290308,A549,p>=0.05,1.0,cutting_control,BRD4
BRD4-2,0.5588101010591568,9.999000099990002e-05,0.0005555000055550001,True,True,3.2553159323801686,A549,p<0.05,1.0,cutting_control,BRD4
CCND1-1,0.23075752983884038,0.018098190180981903,0.05655684431556845,True,False,1.247514830727584,A549,p<0.05,1.0,cutting_control,CCND1
CCND1-2,0.9782539682539682,9.999000099990002e-05,0.0005555000055550001,True,True,3.2553159323801686,A549,p<0.05,1.0,cutting_control,CCND1
CCNE1-1,0.6132193732193733,9.999000099990002e-05,0.0005555000055550001,True,True,3.2553159323801686,A549,p<0.05,1.0,cutting_control,CCNE1
CCNE1-2,0.588634570468415,9.999000099990002e-05,0.0005555000055550001,True,True,3.2553159323801686,A549,p<0.05,1.0,cutting_control,CCNE1
CDK2-1,0.09921244948554053,0.0790920907909209,0.13963515929108844,False,False,0.855005215211685,A549,p>=0.05,1.0,cutting_control,CDK2
CDK2-2,0.8813955026455026,9.999000099990002e-05,0.0005555000055550001,True,True,3.2553159323801686,A549,p<0.05,1.0,cutting_control,CDK2
CDK4-1,0.2981974558063509,0.0021997800219978004,0.008460692392299232,True,True,2.0725940944254746,A549,p<0.05,1.0,cutting_control,CDK4
CDK4-2,0.12142532573454495,0.05779422057794221,0.12290437622904377,False,False,0.9104326530103057,A549,p>=0.05,1.0,cutting_control,CDK4
CDK4-3,0.3690765807449942,0.0005999400059994001,0.0027270000272700003,True,True,2.5643148577154253,A549,p<0.05,1.0,cutting_control,CDK4
CHEK2-1,0.08799034170943414,0.09829017098290171,0.1510143103336725,False,False,0.8209818963858209,A549,p>=0.05,1.0,cutting_control,CHEK2
CHEK2-2,0.07640608681522766,0.12568743125687432,0.16537819902220305,False,False,0.7815217418716962,A549,p>=0.05,1.0,cutting_control,CHEK2
COX5B-1,0.04045715017016451,0.38836116388361164,0.39228400392284,False,False,0.4063994006384454,A549,p>=0.05,1.0,cutting_control,COX5B
COX5B-2,0.1178329558058341,0.06229377062293771,0.12458754124587541,False,False,0.9045253849537118,A549,p>=0.05,1.0,cutting_control,COX5B
CSNK1A1-1,0.8442990463642638,9.999000099990002e-05,0.0005555000055550001,True,True,3.2553159323801686,A549,p<0.05,1.0,cutting_control,CSNK1A1
CSNK1A1-2,0.3020528504541755,0.0017998200179982,0.0071992800719928,True,True,2.142710930845594,A549,p<0.05,1.0,cutting_control,CSNK1A1
CTNNB1-1,0.21940239221736554,0.027097290270972903,0.0786032507860325,True,False,1.1045594925198596,A549,p<0.05,1.0,cutting_control,CTNNB1
CTNNB1-2,0.09540534797177373,0.08309169083091691,0.1408333742896897,False,False,0.8512944151348958,A549,p>=0.05,1.0,cutting_control,CTNNB1
DOT1L-1,0.08602103382535749,0.10238976102389762,0.1510143103336725,False,False,0.8209818963858209,A549,p>=0.05,1.0,cutting_control,DOT1L
DOT1L-2,0.10772738922506718,0.0695930406959304,0.13383277056909693,False,False,0.8734375313010998,A549,p>=0.05,1.0,cutting_control,DOT1L
EGFR-1,0.12083649158612125,0.058994100589941006,0.12290437622904377,False,False,0.9104326530103057,A549,p>=0.05,1.0,cutting_control,EGFR
EGFR-2,0.3354257208194624,0.0011998800119988001,0.004999500049995001,True,True,2.301073422940844,A549,p<0.05,1.0,cutting_control,EGFR
EGLN1-8,0.08367499111037102,0.10668933106689331,0.15255617295413318,False,False,0.8165702145985818,A549,p>=0.05,1.0,cutting_control,EGLN1
EGLN1-9,0.15445705226397985,0.0337966203379662,0.0853573179267439,True,False,1.0687592396463226,A549,p<0.05,1.0,cutting_control,EGLN1
ERBB2-1,0.40070744204472963,0.00029997000299970003,0.0015787894894721054,True,True,2.8016757735100293,A549,p<0.05,1.0,cutting_control,ERBB2
ERBB2-2,0.17905162251253295,0.029897010298970104,0.08080273053775704,True,False,1.092573963019428,A549,p<0.05,1.0,cutting_control,ERBB2
ERBB3-1,0.05857824634657865,0.20357964203579643,0.23399958854689246,False,False,0.63078490623076,A549,p>=0.05,1.0,cutting_control,ERBB3
ERBB3-2,0.04991675140428633,0.27047295270472954,0.29399233989644513,False,False,0.5316639851798297,A549,p>=0.05,1.0,cutting_control,ERBB3
EZH2-1,0.15113531706536606,0.034896510348965105,0.0853573179267439,True,False,1.0687592396463226,A549,p<0.05,1.0,cutting_control,EZH2
EZH2-2,0.1087271542334775,0.06879312068793121,0.13383277056909693,False,False,0.8734375313010998,A549,p>=0.05,1.0,cutting_control,EZH2
GLS-1,0.11788057812700674,0.06229377062293771,0.12458754124587541,False,False,0.9045253849537118,A549,p>=0.05,1.0,cutting_control,GLS
GLS-2,0.6158075495187937,9.999000099990002e-05,0.0005555000055550001,True,True,3.2553159323801686,A549,p<0.05,1.0,cutting_control,GLS
GPX4-1,0.07803982563729432,0.1202879712028797,0.16444301515794368,False,False,0.7839845687777738,A549,p>=0.05,1.0,cutting_control,GPX4
GPX4-2,0.07502443625870685,0.1287871212878712,0.16725600167256,False,False,0.7766182894255513,A549,p>=0.05,1.0,cutting_control,GPX4
HIF1a-1,0.14652790945242306,0.037396260373962605,0.08720058226735465,True,False,1.0594806151287304,A549,p<0.05,1.0,cutting_control,HIF1a
HIF1a-2,0.06629034921260894,0.16198380161983802,0.1999800019998,False,False,0.6990134316128815,A549,p>=0.05,1.0,cutting_control,HIF1a
ITGAV-1,1.0,9.999000099990002e-05,0.0005555000055550001,True,True,3.2553159323801686,A549,p<0.05,1.0,cutting_control,ITGAV
ITGAV-2,1.0,9.999000099990002e-05,0.0005555000055550001,True,True,3.2553159323801686,A549,p<0.05,1.0,cutting_control,ITGAV
JAK3-1,0.125979840126209,0.0524947505249475,0.11665500116655,False,False,0.9330966376462495,A549,p>=0.05,1.0,cutting_control,JAK3
JAK3-2,0.08212479935365556,0.11068893110688931,0.15589990296744974,False,False,0.8071541551172151,A549,p>=0.05,1.0,cutting_control,JAK3
KIF11-1,0.5795738927789563,9.999000099990002e-05,0.0005555000055550001,True,True,3.2553159323801686,A549,p<0.05,1.0,cutting_control,KIF11
KIF11-2,0.5963764397563124,9.999000099990002e-05,0.0005555000055550001,True,True,3.2553159323801686,A549,p<0.05,1.0,cutting_control,KIF11
KRAS-1,0.35119042596853856,0.0007999200079992001,0.003477913078257392,True,True,2.458681276302512,A549,p<0.05,1.0,cutting_control,KRAS
KRAS-2A,0.6789980373092938,9.999000099990002e-05,0.0005555000055550001,True,True,3.2553159323801686,A549,p<0.05,1.0,cutting_control,KRAS
KRAS-2B,0.09609406536784591,0.08249175082491751,0.1408333742896897,False,False,0.8512944151348958,A549,p>=0.05,1.0,cutting_control,KRAS
MAPK1-1,0.059481632824018686,0.19888011198880112,0.23125594417302456,False,False,0.6359070953959948,A549,p>=0.05,1.0,cutting_control,MAPK1
MAPK1-2,0.2434556914563617,0.010498950104989501,0.03499650034996501,True,True,1.455975382926587,A549,p<0.05,1.0,cutting_control,MAPK1
MCL1-2,0.04613536849597108,0.3103689631036896,0.32330100323301003,False,False,0.49039294773028025,A549,p>=0.05,1.0,cutting_control,MCL1
MCL1-5,0.06311470515358499,0.17788221177882213,0.2117645378319311,False,False,0.6741467652548192,A549,p>=0.05,1.0,cutting_control,MCL1
MTOR-1,0.3789595336793001,0.0004999500049995,0.0024997500249975,True,True,2.602103418604825,A549,p<0.05,1.0,cutting_control,MTOR
MTOR-2,0.28271947638495853,0.0030996900309969004,0.011480333448136667,True,True,1.9400454976015773,A549,p<0.05,1.0,cutting_control,MTOR
MYC-1,1.0,9.999000099990002e-05,0.0005555000055550001,True,True,3.2553159323801686,A549,p<0.05,1.0,cutting_control,MYC
MYC-2,0.9638888888888889,9.999000099990002e-05,0.0005555000055550001,True,True,3.2553159323801686,A549,p<0.05,1.0,cutting_control,MYC
PIK3CA-1,0.27558393392098485,0.0035996400359964,0.012855857271415713,True,True,1.8908989578517947,A549,p<0.05,1.0,cutting_control,PIK3CA
PIK3CA-2,0.24261518821679617,0.0110988901109889,0.03580287132577065,True,True,1.446082142324478,A549,p<0.05,1.0,cutting_control,PIK3CA
PRDX1-1,0.060430215696010446,0.19338066193380662,0.22750666109859605,False,False,0.6430058832441725,A549,p>=0.05,1.0,cutting_control,PRDX1
PRDX1-2,0.041891325813343934,0.3678632136786321,0.37537062620268585,False,False,0.4255397151382305,A549,p>=0.05,1.0,cutting_control,PRDX1
PTK2-1,0.665749951268244,9.999000099990002e-05,0.0005555000055550001,True,True,3.2553159323801686,A549,p<0.05,1.0,cutting_control,PTK2
PTK2-2,0.9433333333333334,9.999000099990002e-05,0.0005555000055550001,True,True,3.2553159323801686,A549,p<0.05,1.0,cutting_control,PTK2
RAC1-1,0.0999098870664118,0.0776922307769223,0.13963515929108844,False,False,0.855005215211685,A549,p>=0.05,1.0,cutting_control,RAC1
RAC1-2,0.043365704342456284,0.34636536346365365,0.3570776942924265,False,False,0.44723727819779846,A549,p>=0.05,1.0,cutting_control,RAC1
RAF1-1,0.09256794815022734,0.08959104089591041,0.14931840149318404,False,False,0.8258866679983811,A549,p>=0.05,1.0,cutting_control,RAF1
RAF1-2,0.06533185318603008,0.1660833916608339,0.2001004718805228,False,False,0.6987518872015421,A549,p>=0.05,1.0,cutting_control,RAF1
RHOA-1,0.12222992931795595,0.056894310568943104,0.12290437622904377,False,False,0.9104326530103057,A549,p>=0.05,1.0,cutting_control,RHOA
RHOA-2,0.050772780711738595,0.26277372262773724,0.29197080291970806,False,False,0.5346605758284444,A549,p>=0.05,1.0,cutting_control,RHOA
SDHB-1,0.08852568425903422,0.09709029097090291,0.1510143103336725,False,False,0.8209818963858209,A549,p>=0.05,1.0,cutting_control,SDHB
SDHB-2,0.21925552478472368,0.027197280271972803,0.0786032507860325,True,False,1.1045594925198596,A549,p<0.05,1.0,cutting_control,SDHB
SLC2A1-1,0.2095672908366112,0.0282971702829717,0.0786032507860325,True,False,1.1045594925198596,A549,p<0.05,1.0,cutting_control,SLC2A1
SLC2A2-2,0.13405682934446625,0.0446955304469553,0.1015807510158075,True,False,0.9931885806311136,A549,p<0.05,1.0,cutting_control,SLC2A2
SMARCB1-1,0.054647679541239336,0.2303769623037696,0.26179200261792,False,False,0.5820436246758569,A549,p>=0.05,1.0,cutting_control,SMARCB1
SMARCB1-2,0.16773369038985622,0.0316968303169683,0.0834127113604429,True,False,1.0787677616759213,A549,p<0.05,1.0,cutting_control,SMARCB1
STAT3-1,0.08656307833405258,0.10128987101289871,0.1510143103336725,False,False,0.8209818963858209,A549,p>=0.05,1.0,cutting_control,STAT3
STAT3-2,0.07715999199143693,0.12338766123387661,0.1645168816451688,False,False,0.7837895309713399,A549,p>=0.05,1.0,cutting_control,STAT3
SUZ12-1,0.24876284425900827,0.0091990800919908,0.03172096583445104,True,True,1.4986535978302635,A549,p<0.05,1.0,cutting_control,SUZ12
SUZ12-2,0.36597615704982794,0.0005999400059994001,0.0027270000272700003,True,True,2.5643148577154253,A549,p<0.05,1.0,cutting_control,SUZ12
TXN-1,0.04677244101520681,0.30346965303469653,0.3194417400365227,False,False,0.495608337154434,A549,p>=0.05,1.0,cutting_control,TXN
TXN-2,0.049966481354912766,0.2702729727027297,0.29399233989644513,False,False,0.5316639851798297,A549,p>=0.05,1.0,cutting_control,TXN
XBP-1,0.08363479713923909,0.10678932106789321,0.15255617295413318,False,False,0.8165702145985818,A549,p>=0.05,1.0,cutting_control,XBP
XBP-2,0.08636209445200672,0.10168983101689831,0.1510143103336725,False,False,0.8209818963858209,A549,p>=0.05,1.0,cutting_control,XBP
YAP1-1,0.07308205479878445,0.1347865213478652,0.1706158498074243,False,False,0.7679806263680031,A549,p>=0.05,1.0,cutting_control,YAP1
YAP1-2,0.10196780181979999,0.07439256074392561,0.13776400137764,False,False,0.8608642515539525,A549,p>=0.05,1.0,cutting_control,YAP1
AKT1-1,0.07726757618697182,0.12298770122987701,0.14300895491846163,False,False,0.8446367670810325,ES2,p>=0.05,1.0,cutting_control,AKT1
AKT1-2,0.05806161903592256,0.20657934206579343,0.22406361514386194,False,False,0.649628661203311,ES2,p>=0.05,1.0,cutting_control,AKT1
ARID1B-1,0.19387565239694102,0.0292970702929707,0.05050342423384781,True,False,1.2966791748427515,ES2,p<0.05,1.0,cutting_control,ARID1B
ARID1B-2,0.03563674095494102,0.4861513848615138,0.4861513848615138,False,False,0.31322847276954574,ES2,p>=0.05,1.0,cutting_control,ARID1B
ATF4-1,0.5567180772481511,9.999000099990002e-05,0.0003333000033330001,True,True,3.477164681996525,ES2,p<0.05,1.0,cutting_control,ATF4
ATF4-2,0.2870391955858081,0.0026997300269973002,0.00674932506749325,True,True,2.1707396544458377,ES2,p<0.05,1.0,cutting_control,ATF4
ATP50-1,0.10222949001141975,0.07389261073892611,0.09473411633195655,False,False,1.0234935915725174,ES2,p>=0.05,1.0,cutting_control,ATP50
ATP50-2,0.10732795169507782,0.06989301069893011,0.09196448776175015,False,False,1.0363798438119727,ES2,p>=0.05,1.0,cutting_control,ATP50
AURKB-2,0.40083914738930754,0.00029997000299970003,0.0009090000090900001,True,True,3.0414361124350875,ES2,p<0.05,1.0,cutting_control,AURKB
BCL2-1,0.04969600381735756,0.2722727727227277,0.28660291865550286,False,False,0.542719391225746,ES2,p>=0.05,1.0,cutting_control,BCL2
BCL2-2,0.07407801729818855,0.1322867713228677,0.15205376014122723,False,False,0.8180028357079803,ES2,p>=0.05,1.0,cutting_control,BCL2
BCL2L2-1,0.08980627189191942,0.09409059094090591,0.1166956475084199,False,False,0.9329453418837358,ES2,p>=0.05,1.0,cutting_control,BCL2L2
BCL2L2-2,0.15962084039167876,0.032996700329967,0.05386558118381711,True,False,1.268688649963552,ES2,p<0.05,1.0,cutting_control,BCL2L2
BCL2L2-4,0.039952790933191144,0.39676032396760325,0.40485747343632983,False,False,0.3926978394872165,ES2,p>=0.05,1.0,cutting_control,BCL2L2
BRAF-2,0.959404761904762,9.999000099990002e-05,0.0003333000033330001,True,True,3.477164681996525,ES2,p<0.05,1.0,cutting_control,BRAF
BRAF1-1,0.49704287527528085,9.999000099990002e-05,0.0003333000033330001,True,True,3.477164681996525,ES2,p<0.05,1.0,cutting_control,BRAF1
BRCA1-1,0.19583521008667162,0.029197080291970802,0.05050342423384781,True,False,1.2966791748427515,ES2,p<0.05,1.0,cutting_control,BRCA1
BRCA1-2,0.07051545376469244,0.14528547145285473,0.16324210275601655,False,False,0.7871678196237539,ES2,p>=0.05,1.0,cutting_control,BRCA1
BRD4-1,0.38421488114665964,0.0004999500049995,0.0014284285857128574,True,True,2.8451414672911195,ES2,p<0.05,1.0,cutting_control,BRD4
BRD4-2,0.6627527962898928,9.999000099990002e-05,0.0003333000033330001,True,True,3.477164681996525,ES2,p<0.05,1.0,cutting_control,BRD4
CCND1-1,1.0,9.999000099990002e-05,0.0003333000033330001,True,True,3.477164681996525,ES2,p<0.05,1.0,cutting_control,CCND1
CCND1-2,1.0,9.999000099990002e-05,0.0003333000033330001,True,True,3.477164681996525,ES2,p<0.05,1.0,cutting_control,CCND1
CCNE1-1,0.2140391927224683,0.028197180281971802,0.05050342423384781,True,False,1.2966791748427515,ES2,p<0.05,1.0,cutting_control,CCNE1
CCNE1-2,0.14369215086821827,0.038696130386961305,0.058933500589335004,True,False,1.2296377614930236,ES2,p<0.05,1.0,cutting_control,CCNE1
CDK2-1,0.4106634481128097,0.00029997000299970003,0.0009090000090900001,True,True,3.0414361124350875,ES2,p<0.05,1.0,cutting_control,CDK2
CDK2-2,0.9588095238095238,9.999000099990002e-05,0.0003333000033330001,True,True,3.477164681996525,ES2,p<0.05,1.0,cutting_control,CDK2
CDK4-1,1.0,9.999000099990002e-05,0.0003333000033330001,True,True,3.477164681996525,ES2,p<0.05,1.0,cutting_control,CDK4
CDK4-2,0.6938613988941121,9.999000099990002e-05,0.0003333000033330001,True,True,3.477164681996525,ES2,p<0.05,1.0,cutting_control,CDK4
CDK4-3,0.7633373635619595,9.999000099990002e-05,0.0003333000033330001,True,True,3.477164681996525,ES2,p<0.05,1.0,cutting_control,CDK4
CHEK2-1,0.19181954396710477,0.0292970702929707,0.05050342423384781,True,False,1.2966791748427515,ES2,p<0.05,1.0,cutting_control,CHEK2
CHEK2-2,0.07067365024765468,0.14458554144585542,0.16324210275601655,False,False,0.7871678196237539,ES2,p>=0.05,1.0,cutting_control,CHEK2
COX5B-1,0.0851910160478704,0.1040895910408959,0.12391617981059037,False,False,0.9068719838282081,ES2,p>=0.05,1.0,cutting_control,COX5B
COX5B-2,0.08929830537073742,0.09549045095490451,0.1166956475084199,False,False,0.9329453418837358,ES2,p>=0.05,1.0,cutting_control,COX5B
CSNK1A1-1,0.4899903586947197,9.999000099990002e-05,0.0003333000033330001,True,True,3.477164681996525,ES2,p<0.05,1.0,cutting_control,CSNK1A1
CSNK1A1-2,0.18122755258870274,0.029797020297970205,0.05050342423384781,True,False,1.2966791748427515,ES2,p<0.05,1.0,cutting_control,CSNK1A1
CTNNB1-1,0.4706767142319284,9.999000099990002e-05,0.0003333000033330001,True,True,3.477164681996525,ES2,p<0.05,1.0,cutting_control,CTNNB1
CTNNB1-2,0.25335466334763757,0.007999200079992,0.018602790883702328,True,True,1.7304218958645057,ES2,p<0.05,1.0,cutting_control,CTNNB1
DOT1L-1,0.10566577551189028,0.07179282071792821,0.09323742950380287,False,False,1.0304097082070443,ES2,p>=0.05,1.0,cutting_control,DOT1L
DOT1L-2,0.13914740361490466,0.0408959104089591,0.0601410447190575,True,False,1.2208290319757573,ES2,p<0.05,1.0,cutting_control,DOT1L
EGFR-1,0.19259640492043226,0.0292970702929707,0.05050342423384781,True,False,1.2966791748427515,ES2,p<0.05,1.0,cutting_control,EGFR
EGFR-2,0.14266491951387059,0.038896110388961104,0.058933500589335004,True,False,1.2296377614930236,ES2,p<0.05,1.0,cutting_control,EGFR
EGLN1-8,0.5313595181372659,9.999000099990002e-05,0.0003333000033330001,True,True,3.477164681996525,ES2,p<0.05,1.0,cutting_control,EGLN1
EGLN1-9,1.0,9.999000099990002e-05,0.0003333000033330001,True,True,3.477164681996525,ES2,p<0.05,1.0,cutting_control,EGLN1
ERBB2-1,0.1641229953417912,0.0321967803219678,0.053661300536613006,True,False,1.2703388059646754,ES2,p<0.05,1.0,cutting_control,ERBB2
ERBB2-2,0.19524560404771085,0.029197080291970802,0.05050342423384781,True,False,1.2966791748427515,ES2,p<0.05,1.0,cutting_control,ERBB2
ERBB3-1,0.1187802311139089,0.06129387061293871,0.08282955488234961,False,False,1.0818146724894238,ES2,p>=0.05,1.0,cutting_control,ERBB3
ERBB3-2,0.06972553616790199,0.14778522147785222,0.16420580164205803,False,False,0.7846115026573806,ES2,p>=0.05,1.0,cutting_control,ERBB3
EZH2-1,0.3868133853743103,0.0004999500049995,0.0014284285857128574,True,True,2.8451414672911195,ES2,p<0.05,1.0,cutting_control,EZH2
EZH2-2,0.29766444023721556,0.0021997800219978004,0.005640461594866155,True,True,2.2486853534811555,ES2,p<0.05,1.0,cutting_control,EZH2
GLS-1,0.2153747106479211,0.028097190280971903,0.05050342423384781,True,False,1.2966791748427515,ES2,p<0.05,1.0,cutting_control,GLS
GLS-2,0.08913753661896984,0.09569043095690431,0.1166956475084199,False,False,0.9329453418837358,ES2,p>=0.05,1.0,cutting_control,GLS
GPX4-1,1.0,9.999000099990002e-05,0.0003333000033330001,True,True,3.477164681996525,ES2,p<0.05,1.0,cutting_control,GPX4
GPX4-2,0.7067115650721413,9.999000099990002e-05,0.0003333000033330001,True,True,3.477164681996525,ES2,p<0.05,1.0,cutting_control,GPX4
HIF1a-1,0.19378785930150713,0.0292970702929707,0.05050342423384781,True,False,1.2966791748427515,ES2,p<0.05,1.0,cutting_control,HIF1a
HIF1a-2,0.1940310042996848,0.0292970702929707,0.05050342423384781,True,False,1.2966791748427515,ES2,p<0.05,1.0,cutting_control,HIF1a
ITGAV-1,0.9822222222222222,9.999000099990002e-05,0.0003333000033330001,True,True,3.477164681996525,ES2,p<0.05,1.0,cutting_control,ITGAV
ITGAV-2,1.0,9.999000099990002e-05,0.0003333000033330001,True,True,3.477164681996525,ES2,p<0.05,1.0,cutting_control,ITGAV
JAK3-1,0.12165802868005138,0.0575942405759424,0.07889621996704439,False,False,1.1029438039741066,ES2,p>=0.05,1.0,cutting_control,JAK3
JAK3-2,0.057872307704019306,0.20837916208379162,0.22406361514386194,False,False,0.649628661203311,ES2,p>=0.05,1.0,cutting_control,JAK3
KIF11-1,0.6489133108890025,9.999000099990002e-05,0.0003333000033330001,True,True,3.477164681996525,ES2,p<0.05,1.0,cutting_control,KIF11
KIF11-2,0.7538561699446683,9.999000099990002e-05,0.0003333000033330001,True,True,3.477164681996525,ES2,p<0.05,1.0,cutting_control,KIF11
KRAS-1,0.14536908855424438,0.0375962403759624,0.05874412558744126,True,False,1.2310355563330888,ES2,p<0.05,1.0,cutting_control,KRAS
KRAS-2A,0.14689367958428443,0.037196280371962806,0.05874412558744126,True,False,1.2310355563330888,ES2,p<0.05,1.0,cutting_control,KRAS
KRAS-2B,0.04900458131910431,0.27987201279872015,0.2915333466653335,False,False,0.5353117618502686,ES2,p>=0.05,1.0,cutting_control,KRAS
MAPK1-1,0.971031746031746,9.999000099990002e-05,0.0003333000033330001,True,True,3.477164681996525,ES2,p<0.05,1.0,cutting_control,MAPK1
MAPK1-2,1.0,9.999000099990002e-05,0.0003333000033330001,True,True,3.477164681996525,ES2,p<0.05,1.0,cutting_control,MAPK1
MCL1-2,0.09325515644564074,0.08799120087991201,0.11138126693659747,False,False,0.9531878464171355,ES2,p>=0.05,1.0,cutting_control,MCL1
MCL1-5,0.1400816175067091,0.040695930406959305,0.0601410447190575,True,False,1.2208290319757573,ES2,p<0.05,1.0,cutting_control,MCL1
MTOR-1,0.3959489972857269,0.00029997000299970003,0.0009090000090900001,True,True,3.0414361124350875,ES2,p<0.05,1.0,cutting_control,MTOR
MTOR-2,0.6803468528296285,9.999000099990002e-05,0.0003333000033330001,True,True,3.477164681996525,ES2,p<0.05,1.0,cutting_control,MTOR
MYC-1,1.0,9.999000099990002e-05,0.0003333000033330001,True,True,3.477164681996525,ES2,p<0.05,1.0,cutting_control,MYC
MYC-2,1.0,9.999000099990002e-05,0.0003333000033330001,True,True,3.477164681996525,ES2,p<0.05,1.0,cutting_control,MYC
PIK3CA-1,0.05656342372602858,0.21697830216978303,0.2308279810316841,False,False,0.6367115470280318,ES2,p>=0.05,1.0,cutting_control,PIK3CA
PIK3CA-2,0.13591666005753342,0.042995700429957005,0.06142242918565287,True,False,1.2116730117115329,ES2,p<0.05,1.0,cutting_control,PIK3CA
PRDX1-1,0.04783431381092721,0.29217078292170784,0.3012069927027916,False,False,0.5211349499448295,ES2,p>=0.05,1.0,cutting_control,PRDX1
PRDX1-2,0.11572845061079935,0.0634936506349365,0.084658200846582,False,False,1.0723309653765871,ES2,p>=0.05,1.0,cutting_control,PRDX1
PTK2-1,0.22580141724259353,0.0216978302169783,0.048217400482174,True,True,1.316796207203677,ES2,p<0.05,1.0,cutting_control,PTK2
PTK2-2,0.3598487755880328,0.0005999400059994001,0.0016214594756740542,True,True,2.790093900960214,ES2,p<0.05,1.0,cutting_control,PTK2
RAC1-1,0.13211348076943843,0.046295370462953706,0.06520474713092071,True,False,1.1857207849779847,ES2,p<0.05,1.0,cutting_control,RAC1
RAC1-2,0.13656667122210328,0.042495750424957505,0.06142242918565287,True,False,1.2116730117115329,ES2,p<0.05,1.0,cutting_control,RAC1
RAF1-1,0.13071106353796838,0.0481951804819518,0.0669377506693775,True,False,1.1743288854692815,ES2,p<0.05,1.0,cutting_control,RAF1
RAF1-2,0.08751738168973815,0.09919008099190081,0.11950612167698893,False,False,0.9226098474987579,ES2,p>=0.05,1.0,cutting_control,RAF1
RHOA-1,0.8609399055051229,9.999000099990002e-05,0.0003333000033330001,True,True,3.477164681996525,ES2,p<0.05,1.0,cutting_control,RHOA
RHOA-2,0.871276455026455,9.999000099990002e-05,0.0003333000033330001,True,True,3.477164681996525,ES2,p<0.05,1.0,cutting_control,RHOA
SDHB-1,0.18345801810927564,0.029697030296970302,0.05050342423384781,True,False,1.2966791748427515,ES2,p<0.05,1.0,cutting_control,SDHB
SDHB-2,0.21288097106351603,0.0282971702829717,0.05050342423384781,True,False,1.2966791748427515,ES2,p<0.05,1.0,cutting_control,SDHB
SLC2A1-1,0.6708626787669525,9.999000099990002e-05,0.0003333000033330001,True,True,3.477164681996525,ES2,p<0.05,1.0,cutting_control,SLC2A1
SLC2A2-2,0.7599065055315055,9.999000099990002e-05,0.0003333000033330001,True,True,3.477164681996525,ES2,p<0.05,1.0,cutting_control,SLC2A2
SMARCB1-1,0.23501203926039657,0.0150984901509849,0.0343147503431475,True,True,1.4645191564698807,ES2,p<0.05,1.0,cutting_control,SMARCB1
SMARCB1-2,0.2691809443625235,0.004299570042995701,0.010486756202428539,True,True,1.9793588284170116,ES2,p<0.05,1.0,cutting_control,SMARCB1
STAT3-1,0.037254540698006794,0.44885511448855114,0.45338900453389,False,False,0.34352901647275974,ES2,p>=0.05,1.0,cutting_control,STAT3
STAT3-2,0.05861544173165741,0.20337966203379662,0.2234941341030732,False,False,0.6507338710112305,ES2,p>=0.05,1.0,cutting_control,STAT3
SUZ12-1,0.18937560727995192,0.029397060293970604,0.05050342423384781,True,False,1.2966791748427515,ES2,p<0.05,1.0,cutting_control,SUZ12
SUZ12-2,0.3431362496058567,0.000999900009999,0.002631315815786842,True,True,2.5798270238936727,ES2,p<0.05,1.0,cutting_control,SUZ12
TXN-1,0.1582466461421398,0.033396660333966606,0.05386558118381711,True,False,1.268688649963552,ES2,p<0.05,1.0,cutting_control,TXN
TXN-2,0.08098729559048261,0.11348865113488651,0.13351606015869003,False,False,0.8744664914620138,ES2,p>=0.05,1.0,cutting_control,TXN
XBP-1,0.1955619953055268,0.029197080291970802,0.05050342423384781,True,False,1.2966791748427515,ES2,p<0.05,1.0,cutting_control,XBP
XBP-2,0.26788170686693485,0.0046995300469953,0.011189357254750716,True,True,1.9511948597390456,ES2,p<0.05,1.0,cutting_control,XBP
YAP1-1,0.37186873970795525,0.0005999400059994001,0.0016214594756740542,True,True,2.790093900960214,ES2,p<0.05,1.0,cutting_control,YAP1
YAP1-2,1.0,9.999000099990002e-05,0.0003333000033330001,True,True,3.477164681996525,ES2,p<0.05,1.0,cutting_control,YAP1
AKT1-1,0.27746997061274015,0.0034996500349965005,0.008535731792674393,True,True,2.0687592396463224,HCC44,p<0.05,1.0,cutting_control,AKT1
AKT1-2,0.12503534876427835,0.05349465053494651,0.07132620071326201,False,False,1.1467509086473342,HCC44,p>=0.05,1.0,cutting_control,AKT1
ARID1B-1,0.10340020372254037,0.07329267073292671,0.08693248322226602,False,False,1.0608179145963297,HCC44,p>=0.05,1.0,cutting_control,ARID1B
ARID1B-2,0.107367008091532,0.06989301069893011,0.08628766752954334,False,False,1.064051270409831,HCC44,p>=0.05,1.0,cutting_control,ARID1B
ATF4-1,0.8652116402116402,9.999000099990002e-05,0.0003571071464282143,True,True,3.447201458619082,HCC44,p<0.05,1.0,cutting_control,ATF4
ATF4-2,0.16758532247334443,0.0316968303169683,0.04728098618709558,True,True,1.3253134735154006,HCC44,p<0.05,1.0,cutting_control,ATF4
ATP50-1,0.506530301018765,9.999000099990002e-05,0.0003571071464282143,True,True,3.447201458619082,HCC44,p<0.05,1.0,cutting_control,ATP50
ATP50-2,0.2076816402610838,0.0282971702829717,0.04728098618709558,True,True,1.3253134735154006,HCC44,p<0.05,1.0,cutting_control,ATP50
AURKB-2,0.20251502778232652,0.028597140285971403,0.04728098618709558,True,True,1.3253134735154006,HCC44,p<0.05,1.0,cutting_control,AURKB
BCL2-1,0.09010051590137652,0.09379062093790622,0.1053827201549508,False,False,0.977230595542711,HCC44,p>=0.05,1.0,cutting_control,BCL2
BCL2-2,0.16899412062119087,0.0314968503149685,0.04728098618709558,True,True,1.3253134735154006,HCC44,p<0.05,1.0,cutting_control,BCL2
BCL2L2-1,0.19510815840923476,0.0292970702929707,0.04728098618709558,True,True,1.3253134735154006,HCC44,p<0.05,1.0,cutting_control,BCL2L2
BCL2L2-2,0.08185892529137927,0.11118888111188881,0.11828604373605194,False,False,0.9270664936305226,HCC44,p>=0.05,1.0,cutting_control,BCL2L2
BCL2L2-4,0.45735395691319863,9.999000099990002e-05,0.0003571071464282143,True,True,3.447201458619082,HCC44,p<0.05,1.0,cutting_control,BCL2L2
BRAF-2,0.1804242417020211,0.029797020297970205,0.04728098618709558,True,True,1.3253134735154006,HCC44,p<0.05,1.0,cutting_control,BRAF
BRAF1-1,0.13517301092690362,0.043995600439956005,0.05945351410804866,True,False,1.2258224705216514,HCC44,p<0.05,1.0,cutting_control,BRAF1
BRCA1-1,0.18812399253979592,0.029397060293970604,0.04728098618709558,True,True,1.3253134735154006,HCC44,p<0.05,1.0,cutting_control,BRCA1
BRCA1-2,0.09959244084255924,0.07849215078492151,0.09126994277316455,False,False,1.0396722217751777,HCC44,p>=0.05,1.0,cutting_control,BRCA1
BRD4-1,0.9700000000000001,9.999000099990002e-05,0.0003571071464282143,True,True,3.447201458619082,HCC44,p<0.05,1.0,cutting_control,BRD4
BRD4-2,1.0,9.999000099990002e-05,0.0003571071464282143,True,True,3.447201458619082,HCC44,p<0.05,1.0,cutting_control,BRD4
CCND1-1,0.14664233849096645,0.0372962703729627,0.05109078133282562,True,False,1.2916574555886309,HCC44,p<0.05,1.0,cutting_control,CCND1
CCND1-2,0.22100382392279025,0.026197380261973803,0.04728098618709558,True,True,1.3253134735154006,HCC44,p<0.05,1.0,cutting_control,CCND1
CCNE1-1,1.0,9.999000099990002e-05,0.0003571071464282143,True,True,3.447201458619082,HCC44,p<0.05,1.0,cutting_control,CCNE1
CCNE1-2,0.37625216827298597,0.0004999500049995,0.001470441191175,True,True,2.832552339983099,HCC44,p<0.05,1.0,cutting_control,CCNE1
CDK2-1,0.8839924085576261,9.999000099990002e-05,0.0003571071464282143,True,True,3.447201458619082,HCC44,p<0.05,1.0,cutting_control,CDK2
CDK2-2,1.0,9.999000099990002e-05,0.0003571071464282143,True,True,3.447201458619082,HCC44,p<0.05,1.0,cutting_control,CDK2
CDK4-1,0.2684639657745129,0.004399560043995601,0.010464069872082558,True,True,1.9802993690811055,HCC44,p<0.05,1.0,cutting_control,CDK4
CDK4-2,0.17084726806761608,0.031096890310968902,0.04728098618709558,True,True,1.3253134735154006,HCC44,p<0.05,1.0,cutting_control,CDK4
CDK4-3,0.11356245259343249,0.0643935606439356,0.0804919508049195,False,False,1.0942475469089943,HCC44,p>=0.05,1.0,cutting_control,CDK4
CHEK2-1,0.12234419564462228,0.05679432056794321,0.07401857216875715,False,False,1.1306592967768532,HCC44,p>=0.05,1.0,cutting_control,CHEK2
CHEK2-2,0.16807903736846408,0.031596840315968405,0.04728098618709558,True,True,1.3253134735154006,HCC44,p<0.05,1.0,cutting_control,CHEK2
COX5B-1,0.17275487485755145,0.030996900309969003,0.04728098618709558,True,True,1.3253134735154006,HCC44,p<0.05,1.0,cutting_control,COX5B
COX5B-2,0.3560221353968552,0.0006999300069993001,0.0019998000199980006,True,True,2.6990134316128813,HCC44,p<0.05,1.0,cutting_control,COX5B
CSNK1A1-1,0.8908045778697952,9.999000099990002e-05,0.0003571071464282143,True,True,3.447201458619082,HCC44,p<0.05,1.0,cutting_control,CSNK1A1
CSNK1A1-2,0.3115272199847328,0.0015998400159984002,0.004102153887175385,True,True,2.386988051647437,HCC44,p<0.05,1.0,cutting_control,CSNK1A1
CTNNB1-1,0.17095124983460455,0.031096890310968902,0.04728098618709558,True,True,1.3253134735154006,HCC44,p<0.05,1.0,cutting_control,CTNNB1
CTNNB1-2,0.17778364054793716,0.030096990300969902,0.04728098618709558,True,True,1.3253134735154006,HCC44,p<0.05,1.0,cutting_control,CTNNB1
DOT1L-1,0.24239311639806685,0.0110988901109889,0.024664200246642,True,True,1.607932962265549,HCC44,p<0.05,1.0,cutting_control,DOT1L
DOT1L-2,0.4218151456386751,0.00029997000299970003,0.0009676451709667743,True,True,3.014283866391473,HCC44,p<0.05,1.0,cutting_control,DOT1L
EGFR-1,0.2683308293180835,0.0044995500449955,0.010464069872082558,True,True,1.9802993690811055,HCC44,p<0.05,1.0,cutting_control,EGFR
EGFR-2,0.2038924846930046,0.028497150284971504,0.04728098618709558,True,True,1.3253134735154006,HCC44,p<0.05,1.0,cutting_control,EGFR
EGLN1-8,0.48416464236808904,9.999000099990002e-05,0.0003571071464282143,True,True,3.447201458619082,HCC44,p<0.05,1.0,cutting_control,EGLN1
EGLN1-9,0.8906746031746032,9.999000099990002e-05,0.0003571071464282143,True,True,3.447201458619082,HCC44,p<0.05,1.0,cutting_control,EGLN1
ERBB2-1,0.06489140836710652,0.16828317168283172,0.1717175221253385,False,False,0.7651853869935337,HCC44,p>=0.05,1.0,cutting_control,ERBB2
ERBB2-2,0.048068922803337744,0.28997100289971,0.28997100289971,False,False,0.5376454293779066,HCC44,p>=0.05,1.0,cutting_control,ERBB2
ERBB3-1,0.1492337494985124,0.035896410358964105,0.049856125498561256,True,True,1.302281475129812,HCC44,p<0.05,1.0,cutting_control,ERBB3
ERBB3-2,0.09716204615417905,0.0810918908109189,0.09320906989760794,False,False,1.0305418256843253,HCC44,p>=0.05,1.0,cutting_control,ERBB3
EZH2-1,0.4654295647020105,9.999000099990002e-05,0.0003571071464282143,True,True,3.447201458619082,HCC44,p<0.05,1.0,cutting_control,EZH2
EZH2-2,0.11428760742342936,0.06419358064193581,0.0804919508049195,False,False,1.0942475469089943,HCC44,p>=0.05,1.0,cutting_control,EZH2
GLS-1,0.20804425125473522,0.0282971702829717,0.04728098618709558,True,True,1.3253134735154006,HCC44,p<0.05,1.0,cutting_control,GLS
GLS-2,0.10417974389795497,0.0730926907309269,0.08693248322226602,False,False,1.0608179145963297,HCC44,p>=0.05,1.0,cutting_control,GLS
GPX4-1,0.1592487095454338,0.033096690330966905,0.04728098618709558,True,True,1.3253134735154006,HCC44,p<0.05,1.0,cutting_control,GPX4
GPX4-2,0.23142245467040476,0.0173982601739826,0.037017574838260854,True,True,1.4315920369299804,HCC44,p<0.05,1.0,cutting_control,GPX4
HIF1a-1,0.16076856625963065,0.0327967203279672,0.04728098618709558,True,True,1.3253134735154006,HCC44,p<0.05,1.0,cutting_control,HIF1a
HIF1a-2,0.17995070921953768,0.029797020297970205,0.04728098618709558,True,True,1.3253134735154006,HCC44,p<0.05,1.0,cutting_control,HIF1a
ITGAV-1,1.0,9.999000099990002e-05,0.0003571071464282143,True,True,3.447201458619082,HCC44,p<0.05,1.0,cutting_control,ITGAV
ITGAV-2,1.0,9.999000099990002e-05,0.0003571071464282143,True,True,3.447201458619082,HCC44,p<0.05,1.0,cutting_control,ITGAV
JAK3-1,0.23448136193503158,0.015398460153984602,0.033474913378227396,True,True,1.4752805381219738,HCC44,p<0.05,1.0,cutting_control,JAK3
JAK3-2,0.20708055978731912,0.0282971702829717,0.04728098618709558,True,True,1.3253134735154006,HCC44,p<0.05,1.0,cutting_control,JAK3
KIF11-1,1.0,9.999000099990002e-05,0.0003571071464282143,True,True,3.447201458619082,HCC44,p<0.05,1.0,cutting_control,KIF11
KIF11-2,1.0,9.999000099990002e-05,0.0003571071464282143,True,True,3.447201458619082,HCC44,p<0.05,1.0,cutting_control,KIF11
KRAS-1,0.5556309380134928,9.999000099990002e-05,0.0003571071464282143,True,True,3.447201458619082,HCC44,p<0.05,1.0,cutting_control,KRAS
KRAS-2A,0.8815323565323565,9.999000099990002e-05,0.0003571071464282143,True,True,3.447201458619082,HCC44,p<0.05,1.0,cutting_control,KRAS
KRAS-2B,0.0687865619189194,0.15158484151584842,0.15956299106931413,False,False,0.7970678312696757,HCC44,p>=0.05,1.0,cutting_control,KRAS
MAPK1-1,0.08940747652074837,0.09499050094990501,0.10554500105545,False,False,0.9765623314273398,HCC44,p>=0.05,1.0,cutting_control,MAPK1
MAPK1-2,0.21587148256670632,0.027997200279972004,0.04728098618709558,True,True,1.3253134735154006,HCC44,p<0.05,1.0,cutting_control,MAPK1
MCL1-2,0.06825815257557198,0.1533846615338466,0.15977568909775688,False,False,0.796489300703469,HCC44,p>=0.05,1.0,cutting_control,MCL1
MCL1-5,0.18834118263616725,0.029397060293970604,0.04728098618709558,True,True,1.3253134735154006,HCC44,p<0.05,1.0,cutting_control,MCL1
MTOR-1,0.296032441978733,0.0022997700229977,0.00574942505749425,True,True,2.240375582587232,HCC44,p<0.05,1.0,cutting_control,MTOR
MTOR-2,0.6343998972872064,9.999000099990002e-05,0.0003571071464282143,True,True,3.447201458619082,HCC44,p<0.05,1.0,cutting_control,MTOR
MYC-1,1.0,9.999000099990002e-05,0.0003571071464282143,True,True,3.447201458619082,HCC44,p<0.05,1.0,cutting_control,MYC
MYC-2,1.0,9.999000099990002e-05,0.0003571071464282143,True,True,3.447201458619082,HCC44,p<0.05,1.0,cutting_control,MYC
PIK3CA-1,0.37468966083890914,0.0004999500049995,0.001470441191175,True,True,2.832552339983099,HCC44,p<0.05,1.0,cutting_control,PIK3CA
PIK3CA-2,0.3839579099118393,0.0004999500049995,0.001470441191175,True,True,2.832552339983099,HCC44,p<0.05,1.0,cutting_control,PIK3CA
PRDX1-1,0.12212730955056611,0.05699430056994301,0.07401857216875715,False,False,1.1306592967768532,HCC44,p>=0.05,1.0,cutting_control,PRDX1
PRDX1-2,0.048404884159092866,0.28657134286571345,0.28946600289466007,False,False,0.5384024358130868,HCC44,p>=0.05,1.0,cutting_control,PRDX1
PTK2-1,0.7035581750351572,9.999000099990002e-05,0.0003571071464282143,True,True,3.447201458619082,HCC44,p<0.05,1.0,cutting_control,PTK2
PTK2-2,0.9488843813387424,9.999000099990002e-05,0.0003571071464282143,True,True,3.447201458619082,HCC44,p<0.05,1.0,cutting_control,PTK2
RAC1-1,0.3455869706932229,0.0008999100089991,0.0024997500249975004,True,True,2.602103418604825,HCC44,p<0.05,1.0,cutting_control,RAC1
RAC1-2,0.16090909167699635,0.0327967203279672,0.04728098618709558,True,True,1.3253134735154006,HCC44,p<0.05,1.0,cutting_control,RAC1
RAF1-1,0.08399118328345728,0.10628937106289371,0.11428964630418678,False,False,0.9419931113075011,HCC44,p>=0.05,1.0,cutting_control,RAF1
RAF1-2,0.11454960308665313,0.063993600639936,0.0804919508049195,False,False,1.0942475469089943,HCC44,p>=0.05,1.0,cutting_control,RAF1
RHOA-1,0.865026455026455,9.999000099990002e-05,0.0003571071464282143,True,True,3.447201458619082,HCC44,p<0.05,1.0,cutting_control,RHOA
RHOA-2,0.971031746031746,9.999000099990002e-05,0.0003571071464282143,True,True,3.447201458619082,HCC44,p<0.05,1.0,cutting_control,RHOA
SDHB-1,0.3250325425505586,0.0011998800119988001,0.0032429189513481084,True,True,2.489063905296233,HCC44,p<0.05,1.0,cutting_control,SDHB
SDHB-2,0.7339814814814815,9.999000099990002e-05,0.0003571071464282143,True,True,3.447201458619082,HCC44,p<0.05,1.0,cutting_control,SDHB
SLC2A1-1,0.41242354922188484,0.00029997000299970003,0.0009676451709667743,True,True,3.014283866391473,HCC44,p<0.05,1.0,cutting_control,SLC2A1
SLC2A2-2,0.39817766095704177,0.00029997000299970003,0.0009676451709667743,True,True,3.014283866391473,HCC44,p<0.05,1.0,cutting_control,SLC2A2
SMARCB1-1,0.5507098949619693,9.999000099990002e-05,0.0003571071464282143,True,True,3.447201458619082,HCC44,p<0.05,1.0,cutting_control,SMARCB1
SMARCB1-2,0.2586747882922249,0.006799320067993201,0.015453000154530001,True,True,1.8109871910568138,HCC44,p<0.05,1.0,cutting_control,SMARCB1
STAT3-1,0.151648943368054,0.03469653034696531,0.04886835260135959,True,True,1.3109723012050642,HCC44,p<0.05,1.0,cutting_control,STAT3
STAT3-2,0.08795099584447086,0.09829017098290171,0.10801117690428759,False,False,0.9665313017658207,HCC44,p>=0.05,1.0,cutting_control,STAT3
SUZ12-1,0.30974580022791626,0.0015998400159984002,0.004102153887175385,True,True,2.386988051647437,HCC44,p<0.05,1.0,cutting_control,SUZ12
SUZ12-2,0.6833595352016405,9.999000099990002e-05,0.0003571071464282143,True,True,3.447201458619082,HCC44,p<0.05,1.0,cutting_control,SUZ12
TXN-1,0.10228022637832042,0.07389261073892611,0.08693248322226602,False,False,1.0608179145963297,HCC44,p>=0.05,1.0,cutting_control,TXN
TXN-2,0.08580448848660527,0.10278972102789721,0.1117279576390187,False,False,0.951838139963161,HCC44,p>=0.05,1.0,cutting_control,TXN
XBP-1,0.10286052783776878,0.07379262073792621,0.08693248322226602,False,False,1.0608179145963297,HCC44,p>=0.05,1.0,cutting_control,XBP
XBP-2,0.16085262674553844,0.0327967203279672,0.04728098618709558,True,True,1.3253134735154006,HCC44,p<0.05,1.0,cutting_control,XBP
YAP1-1,0.0915882740462875,0.09159084091590841,0.10408050104080502,False,False,0.9826306257591809,HCC44,p>=0.05,1.0,cutting_control,YAP1
YAP1-2,0.0654354687066059,0.16548345165483452,0.1706014965513758,False,False,0.7680171634313699,HCC44,p>=0.05,1.0,cutting_control,YAP1
AKT1-1,0.060463811884372276,0.24397560243975602,0.27412989038174834,False,False,0.562043607583046,A549,p>=0.05,,perturbation_control,AKT1
AKT1-2,0.06858761521119322,0.1964803519648035,0.23390518091048038,False,False,0.6309601586272988,A549,p>=0.05,,perturbation_control,AKT1
ARID1B-1,0.09709624178397863,0.1060893910608939,0.15375274066796218,False,False,0.8131771341127774,A549,p>=0.05,,perturbation_control,ARID1B
ARID1B-2,0.13184398275816003,0.060493950604939506,0.11202583445359167,False,False,0.9506818124473624,A549,p>=0.05,,perturbation_control,ARID1B
ATF4-1,0.5764792905466279,9.999000099990002e-05,0.0006249375062493751,True,True,3.2041634099327876,A549,p<0.05,,perturbation_control,ATF4
ATF4-2,0.8476190476190477,9.999000099990002e-05,0.0006249375062493751,True,True,3.2041634099327876,A549,p<0.05,,perturbation_control,ATF4
ATP50-1,0.17700019047229618,0.03899610038996101,0.08977363133251892,True,False,1.0468512073020357,A549,p<0.05,,perturbation_control,ATP50
ATP50-2,0.2768382018064114,0.006799320067993201,0.01999800019998,True,True,1.6990134316128815,A549,p<0.05,,perturbation_control,ATP50
AURKB-2,0.04532439035829705,0.4016598340165983,0.4183956604339566,False,False,0.37841282858475966,A549,p>=0.05,,perturbation_control,AURKB
BCL2-1,0.05858222480489614,0.25837416258374163,0.28708240287082404,False,False,0.541993427393141,A549,p>=0.05,,perturbation_control,BCL2
BCL2-2,0.11608637189698373,0.0806919308069193,0.13544100135441,False,False,0.8682498440228137,A549,p>=0.05,,perturbation_control,BCL2
BCL2L2-1,0.04148241615209271,0.46635336466353366,0.4710640047106401,False,False,0.32692008012345486,A549,p>=0.05,,perturbation_control,BCL2L2
BCL2L2-2,0.044834656761260326,0.40785921407859216,0.42047341657586823,False,False,0.3762614562260129,A549,p>=0.05,,perturbation_control,BCL2L2
BCL2L2-4,0.09162940279760295,0.11788821117888211,0.161490700245044,False,False,0.7918524823022294,A549,p>=0.05,,perturbation_control,BCL2L2
BRAF-2,0.07625695568917105,0.16148385161483853,0.20618191345422418,False,False,0.6857494342587948,A549,p>=0.05,,perturbation_control,BRAF
BRAF1-1,0.07675911656548612,0.15898410158984103,0.20618191345422418,False,False,0.6857494342587948,A549,p>=0.05,,perturbation_control,BRAF1
BRCA1-1,0.11267951059077874,0.08399160083991601,0.13544100135441,False,False,0.8682498440228137,A549,p>=0.05,,perturbation_control,BRCA1
BRCA1-2,0.17457715145989602,0.0392960703929607,0.08977363133251892,True,False,1.0468512073020357,A549,p<0.05,,perturbation_control,BRCA1
BRD4-1,0.06798923498432306,0.19918008199180082,0.23432950822564802,False,False,0.6301730189034754,A549,p>=0.05,,perturbation_control,BRD4
BRD4-2,0.5460690151461373,9.999000099990002e-05,0.0006249375062493751,True,True,3.2041634099327876,A549,p<0.05,,perturbation_control,BRD4
CCND1-1,0.39659962833414036,0.0012998700129987,0.00541612505416125,True,True,2.266311316681632,A549,p<0.05,,perturbation_control,CCND1
CCND1-2,0.7721783771783772,9.999000099990002e-05,0.0006249375062493751,True,True,3.2041634099327876,A549,p<0.05,,perturbation_control,CCND1
CCNE1-1,0.5267837717837718,9.999000099990002e-05,0.0006249375062493751,True,True,3.2041634099327876,A549,p<0.05,,perturbation_control,CCNE1
CCNE1-2,0.4527481995129054,0.00039996000399960006,0.002105052652629474,True,True,2.6767370369017294,A549,p<0.05,,perturbation_control,CCNE1
CDK2-1,0.17676920418349132,0.03899610038996101,0.08977363133251892,True,False,1.0468512073020357,A549,p<0.05,,perturbation_control,CDK2
CDK2-2,0.6282479775126834,9.999000099990002e-05,0.0006249375062493751,True,True,3.2041634099327876,A549,p<0.05,,perturbation_control,CDK2
CDK4-1,0.3022913174551855,0.0037996200379962005,0.012665400126654002,True,True,1.8973810853797148,A549,p<0.05,,perturbation_control,CDK4
CDK4-2,0.16635221803486464,0.0410958904109589,0.08977363133251892,True,False,1.0468512073020357,A549,p<0.05,,perturbation_control,CDK4
CDK4-3,0.3785547320087308,0.0012998700129987,0.00541612505416125,True,True,2.266311316681632,A549,p<0.05,,perturbation_control,CDK4
CHEK2-1,0.11279693203535368,0.08389161083891611,0.13544100135441,False,False,0.8682498440228137,A549,p>=0.05,,perturbation_control,CHEK2
CHEK2-2,0.05326417485383949,0.30586941305869414,0.32889184199859584,False,False,0.48294689884611913,A549,p>=0.05,,perturbation_control,CHEK2
COX5B-1,0.04333017506033058,0.43295670432956707,0.44179255543833373,False,False,0.35478160661599206,A549,p>=0.05,,perturbation_control,COX5B
COX5B-2,0.13962277920718255,0.0532946705329467,0.1065893410658934,False,False,0.9722862225863093,A549,p>=0.05,,perturbation_control,COX5B
CSNK1A1-1,0.7732255774938702,9.999000099990002e-05,0.0006249375062493751,True,True,3.2041634099327876,A549,p<0.05,,perturbation_control,CSNK1A1
CSNK1A1-2,0.31361684986436283,0.0031996800319968005,0.011033379420678623,True,True,1.9572914468559126,A549,p<0.05,,perturbation_control,CSNK1A1
CTNNB1-1,0.2505822634967409,0.012898710128987101,0.0358297503582975,True,True,1.445756217744901,A549,p<0.05,,perturbation_control,CTNNB1
CTNNB1-2,0.06985912863070738,0.18988101189881013,0.23359109872145317,False,False,0.6315437105742312,A549,p>=0.05,,perturbation_control,CTNNB1
DOT1L-1,0.08441546414825755,0.13488651134886512,0.18227906939035826,False,False,0.7392631973359346,A549,p>=0.05,,perturbation_control,DOT1L
DOT1L-2,0.06928826772578349,0.1932806719328067,0.23359109872145317,False,False,0.6315437105742312,A549,p>=0.05,,perturbation_control,DOT1L
EGFR-1,0.11096911860758547,0.08499150084991501,0.13544100135441,False,False,0.8682498440228137,A549,p>=0.05,,perturbation_control,EGFR
EGFR-2,0.32960638435722917,0.0025997400259974,0.00928478580713357,True,True,2.032228110648264,A549,p<0.05,,perturbation_control,EGFR
EGLN1-8,0.1297423733154584,0.0633936606339366,0.115261201152612,False,False,0.9383168588893739,A549,p>=0.05,,perturbation_control,EGLN1
EGLN1-9,0.1651510304035878,0.04129587041295871,0.08977363133251892,True,False,1.0468512073020357,A549,p<0.05,,perturbation_control,EGLN1
ERBB2-1,0.4610425578189577,0.00039996000399960006,0.002105052652629474,True,True,2.6767370369017294,A549,p<0.05,,perturbation_control,ERBB2
ERBB2-2,0.25128449618813103,0.012698730126987301,0.0358297503582975,True,True,1.445756217744901,A549,p<0.05,,perturbation_control,ERBB2
ERBB3-1,0.12545556176488293,0.0688931106889311,0.12086510647180895,False,False,0.9176990610417283,A549,p>=0.05,,perturbation_control,ERBB3
ERBB3-2,0.09520753438298964,0.11028897110288971,0.15755567300412818,False,False,0.8025659548509289,A549,p>=0.05,,perturbation_control,ERBB3
EZH2-1,0.228364504835647,0.026597340265973404,0.06999300069993,True,False,1.1549453872626059,A549,p<0.05,,perturbation_control,EZH2
EZH2-2,0.14129669993634553,0.0522947705229477,0.1065893410658934,False,False,0.9722862225863093,A549,p>=0.05,,perturbation_control,EZH2
GLS-1,0.12643061795126528,0.0675932406759324,0.12070221549273642,False,False,0.9182847583414272,A549,p>=0.05,,perturbation_control,GLS
GLS-2,0.5838980899275017,9.999000099990002e-05,0.0006249375062493751,True,True,3.2041634099327876,A549,p<0.05,,perturbation_control,GLS
GPX4-1,0.0920355654642993,0.11708829117088292,0.161490700245044,False,False,0.7918524823022294,A549,p>=0.05,,perturbation_control,GPX4
GPX4-2,0.1089381906130507,0.0872912708729127,0.13544100135441,False,False,0.8682498440228137,A549,p>=0.05,,perturbation_control,GPX4
HIF1a-1,0.15534475039440362,0.04459554044595541,0.0939489384394894,True,False,1.0271081227744894,A549,p<0.05,,perturbation_control,HIF1a
HIF1a-2,0.06297097734769148,0.22927707229277072,0.2605421276054213,False,False,0.5841220446970925,A549,p>=0.05,,perturbation_control,HIF1a
ITGAV-1,1.0,9.999000099990002e-05,0.0006249375062493751,True,True,3.2041634099327876,A549,p<0.05,,perturbation_control,ITGAV
ITGAV-2,1.0,9.999000099990002e-05,0.0006249375062493751,True,True,3.2041634099327876,A549,p<0.05,,perturbation_control,ITGAV
JAK3-1,0.13337282654222357,0.0585941405859414,0.11055498223762528,False,False,0.9564216808595611,A549,p>=0.05,,perturbation_control,JAK3
JAK3-2,0.06922650612033034,0.19388061193880612,0.23359109872145317,False,False,0.6315437105742312,A549,p>=0.05,,perturbation_control,JAK3
KIF11-1,0.49023696499960695,0.00039996000399960006,0.002105052652629474,True,True,2.6767370369017294,A549,p<0.05,,perturbation_control,KIF11
KIF11-2,0.5393686479212795,9.999000099990002e-05,0.0006249375062493751,True,True,3.2041634099327876,A549,p<0.05,,perturbation_control,KIF11
KRAS-1,0.43910076651505964,0.0005999400059994001,0.0028568571714257147,True,True,2.5441114716271382,A549,p<0.05,,perturbation_control,KRAS
KRAS-2A,0.6987248111365759,9.999000099990002e-05,0.0006249375062493751,True,True,3.2041634099327876,A549,p<0.05,,perturbation_control,KRAS
KRAS-2B,0.0783934359123402,0.15308469153084692,0.2041129220411292,False,False,0.6901294999703017,A549,p>=0.05,,perturbation_control,KRAS
MAPK1-1,0.05579605764815215,0.28047195280471954,0.3048608182659995,False,False,0.5158983890302378,A549,p>=0.05,,perturbation_control,MAPK1
MAPK1-2,0.19564462123548634,0.0367963203679632,0.08977363133251892,True,False,1.0468512073020357,A549,p<0.05,,perturbation_control,MAPK1
MCL1-2,0.046300242943159826,0.38986101389861016,0.410380014630116,False,False,0.38681379737772464,A549,p>=0.05,,perturbation_control,MCL1
MCL1-5,0.05797146955800836,0.26317368263173685,0.28920184904586466,False,False,0.5387989346560383,A549,p>=0.05,,perturbation_control,MCL1
MTOR-1,0.40059798373693667,0.0012998700129987,0.00541612505416125,True,True,2.266311316681632,A549,p<0.05,,perturbation_control,MTOR
MTOR-2,0.3441751832632813,0.0021997800219978004,0.008799120087991202,True,True,2.055560755126694,A549,p<0.05,,perturbation_control,MTOR
MYC-1,1.0,9.999000099990002e-05,0.0006249375062493751,True,True,3.2041634099327876,A549,p<0.05,,perturbation_control,MYC
MYC-2,0.8906277056277055,9.999000099990002e-05,0.0006249375062493751,True,True,3.2041634099327876,A549,p<0.05,,perturbation_control,MYC
PIK3CA-1,0.4403645528202947,0.0005999400059994001,0.0028568571714257147,True,True,2.5441114716271382,A549,p<0.05,,perturbation_control,PIK3CA
PIK3CA-2,0.2859055346691689,0.004999500049995001,0.015150000151500002,True,True,1.8195873628187313,A549,p<0.05,,perturbation_control,PIK3CA
PRDX1-1,0.06316266529828858,0.22827717228277172,0.2605421276054213,False,False,0.5841220446970925,A549,p>=0.05,,perturbation_control,PRDX1
PRDX1-2,0.038133139187403124,0.535946405359464,0.535946405359464,False,False,0.27087863758409264,A549,p>=0.05,,perturbation_control,PRDX1
PTK2-1,0.7783441667265197,9.999000099990002e-05,0.0006249375062493751,True,True,3.2041634099327876,A549,p<0.05,,perturbation_control,PTK2
PTK2-2,0.971031746031746,9.999000099990002e-05,0.0006249375062493751,True,True,3.2041634099327876,A549,p<0.05,,perturbation_control,PTK2
RAC1-1,0.07498735426530427,0.16668333166683333,0.20835416458354164,False,False,0.681197814440801,A549,p>=0.05,,perturbation_control,RAC1
RAC1-2,0.05025443840444551,0.33766623337666235,0.3592193972092153,False,False,0.44464022024114974,A549,p>=0.05,,perturbation_control,RAC1
RAF1-1,0.10750746531831189,0.0893910608939106,0.13544100135441,False,False,0.8682498440228137,A549,p>=0.05,,perturbation_control,RAF1
RAF1-2,0.10861278355221922,0.08769123087691232,0.13544100135441,False,False,0.8682498440228137,A549,p>=0.05,,perturbation_control,RAF1
RHOA-1,0.13476860002583244,0.056694330566943306,0.10902755878258327,False,False,0.9624637120187552,A549,p>=0.05,,perturbation_control,RHOA
RHOA-2,0.07569986700242144,0.1628837116288371,0.20618191345422418,False,False,0.6857494342587948,A549,p>=0.05,,perturbation_control,RHOA
SDHB-1,0.07626847626894158,0.16148385161483853,0.20618191345422418,False,False,0.6857494342587948,A549,p>=0.05,,perturbation_control,SDHB
SDHB-2,0.23870486847064162,0.0178982101789821,0.04837354102427595,True,True,1.3153921203639645,A549,p<0.05,,perturbation_control,SDHB
SLC2A1-1,0.2869121447392479,0.004999500049995001,0.015150000151500002,True,True,1.8195873628187313,A549,p<0.05,,perturbation_control,SLC2A1
SLC2A2-2,0.1534776091031911,0.04509549045095491,0.0939489384394894,True,False,1.0271081227744894,A549,p<0.05,,perturbation_control,SLC2A2
SMARCB1-1,0.064736276776649,0.21877812218778123,0.25439316533462936,False,False,0.5944945608590372,A549,p>=0.05,,perturbation_control,SMARCB1
SMARCB1-2,0.1683204803318508,0.04079592040795921,0.08977363133251892,True,False,1.0468512073020357,A549,p<0.05,,perturbation_control,SMARCB1
STAT3-1,0.13833408626021768,0.05469453054694531,0.10724417754303,False,False,0.9696262770413683,A549,p>=0.05,,perturbation_control,STAT3
STAT3-2,0.10547952635936551,0.09119088091190881,0.13610579240583404,False,False,0.866123391649273,A549,p>=0.05,,perturbation_control,STAT3
SUZ12-1,0.33400250929411657,0.0024997500249975004,0.009258333425916667,True,True,2.0334671827638124,A549,p<0.05,,perturbation_control,SUZ12
SUZ12-2,0.3428430861315028,0.0023997600239976003,0.009229846246144617,True,True,2.0348055335360744,A549,p<0.05,,perturbation_control,SUZ12
TXN-1,0.10245946926650101,0.09529047095290472,0.1401330455189775,False,False,0.8534594393447725,A549,p>=0.05,,perturbation_control,TXN
TXN-2,0.10740501247007622,0.0893910608939106,0.13544100135441,False,False,0.8682498440228137,A549,p>=0.05,,perturbation_control,TXN
XBP-1,0.19658188153882106,0.0365963403659634,0.08977363133251892,True,False,1.0468512073020357,A549,p<0.05,,perturbation_control,XBP
XBP-2,0.28918004166334577,0.0044995500449955,0.014514677564501614,True,True,1.8381926073357917,A549,p<0.05,,perturbation_control,XBP
YAP1-1,0.11180370644497177,0.08449155084491551,0.13544100135441,False,False,0.8682498440228137,A549,p>=0.05,,perturbation_control,YAP1
YAP1-2,0.0938598606392504,0.11338866113388661,0.15970233962519242,False,False,0.7966887214390501,A549,p>=0.05,,perturbation_control,YAP1
AKT1-1,0.07527357740787206,0.16478352164783522,0.18515002432341035,False,False,0.7324762265606785,ES2,p>=0.05,,perturbation_control,AKT1
AKT1-2,0.04053870263795224,0.48405159484051596,0.48894100488941006,False,False,0.3107435392335229,ES2,p>=0.05,,perturbation_control,AKT1
ARID1B-1,0.21949513353430253,0.0337966203379662,0.06241311352735694,True,False,1.204724151756205,ES2,p<0.05,,perturbation_control,ARID1B
ARID1B-2,0.037494324844087996,0.5518448155184481,0.5518448155184481,False,False,0.25818303321159913,ES2,p>=0.05,,perturbation_control,ARID1B
ATF4-1,0.33791620671077394,0.0023997600239976003,0.006153230830763077,True,True,2.2108967925917558,ES2,p<0.05,,perturbation_control,ATF4
ATF4-2,0.34006054502886346,0.0023997600239976003,0.006153230830763077,True,True,2.2108967925917558,ES2,p<0.05,,perturbation_control,ATF4
ATP50-1,0.11610008960516459,0.0806919308069193,0.10345119334220423,False,False,0.9852644952452727,ES2,p>=0.05,,perturbation_control,ATP50
ATP50-2,0.14461938434982027,0.05019498050194981,0.07332600073326001,False,False,1.1347420011743188,ES2,p>=0.05,,perturbation_control,ATP50
AURKB-2,0.26048810754292767,0.009999000099990002,0.020831250208312505,True,True,1.6812846646524497,ES2,p<0.05,,perturbation_control,AURKB
BCL2-1,0.09219738644175181,0.11658834116588342,0.13556783856498072,False,False,0.867843328097435,ES2,p>=0.05,,perturbation_control,BCL2
BCL2-2,0.1104064021530178,0.0852914708529147,0.10796388715558823,False,False,0.9667214873997811,ES2,p>=0.05,,perturbation_control,BCL2
BCL2L2-1,0.09349298691699039,0.11398860113988601,0.13556783856498072,False,False,0.867843328097435,ES2,p>=0.05,,perturbation_control,BCL2L2
BCL2L2-2,0.19103129065187266,0.037196280371962806,0.06241311352735694,True,False,1.204724151756205,ES2,p<0.05,,perturbation_control,BCL2L2
BCL2L2-4,0.04107772796215006,0.4727527247275273,0.482400739517885,False,False,0.3165920350961585,ES2,p>=0.05,,perturbation_control,BCL2L2
BRAF-2,0.9227777777777778,9.999000099990002e-05,0.0003703333370366667,True,True,3.43140719143585,ES2,p<0.05,,perturbation_control,BRAF
BRAF1-1,0.4620556023395485,0.00039996000399960006,0.0012901935612890324,True,True,2.889345129783173,ES2,p<0.05,,perturbation_control,BRAF1
BRCA1-1,0.3029874225830108,0.0036996300369963003,0.008603790783712326,True,True,2.0653101587894542,ES2,p<0.05,,perturbation_control,BRCA1
BRCA1-2,0.07133613201114888,0.18248175182481752,0.202757502027575,False,False,0.6930230679236941,ES2,p>=0.05,,perturbation_control,BRCA1
BRD4-1,0.4539049959272801,0.00039996000399960006,0.0012901935612890324,True,True,2.889345129783173,ES2,p<0.05,,perturbation_control,BRD4
BRD4-2,0.6461135890143878,9.999000099990002e-05,0.0003703333370366667,True,True,3.43140719143585,ES2,p<0.05,,perturbation_control,BRD4
CCND1-1,1.0,9.999000099990002e-05,0.0003703333370366667,True,True,3.43140719143585,ES2,p<0.05,,perturbation_control,CCND1
CCND1-2,1.0,9.999000099990002e-05,0.0003703333370366667,True,True,3.43140719143585,ES2,p<0.05,,perturbation_control,CCND1
CCNE1-1,0.17006443434048213,0.0403959604039596,0.06311868813118687,True,False,1.199842036150145,ES2,p<0.05,,perturbation_control,CCNE1
CCNE1-2,0.1817723861549829,0.038696130386961305,0.06241311352735694,True,False,1.204724151756205,ES2,p<0.05,,perturbation_control,CCNE1
CDK2-1,0.2841431967612887,0.0052994700529947,0.011776600117766,True,True,1.9289800714514174,ES2,p<0.05,,perturbation_control,CDK2
CDK2-2,0.8429808590102708,9.999000099990002e-05,0.0003703333370366667,True,True,3.43140719143585,ES2,p<0.05,,perturbation_control,CDK2
CDK4-1,1.0,9.999000099990002e-05,0.0003703333370366667,True,True,3.43140719143585,ES2,p<0.05,,perturbation_control,CDK4
CDK4-2,0.7012664077368679,9.999000099990002e-05,0.0003703333370366667,True,True,3.43140719143585,ES2,p<0.05,,perturbation_control,CDK4
CDK4-3,0.7268938612743333,9.999000099990002e-05,0.0003703333370366667,True,True,3.43140719143585,ES2,p<0.05,,perturbation_control,CDK4
CHEK2-1,0.12499617473646692,0.06999300069993,0.09585708095857082,False,False,1.01837580028568,ES2,p>=0.05,,perturbation_control,CHEK2
CHEK2-2,0.04729368409053136,0.37696230376962303,0.3926690664266907,False,False,0.4059733101106382,ES2,p>=0.05,,perturbation_control,CHEK2
COX5B-1,0.10236993741661071,0.0953904609539046,0.11577155537458303,False,False,0.9363981319843911,ES2,p>=0.05,,perturbation_control,COX5B
COX5B-2,0.09224709820479204,0.11648835116488351,0.13556783856498072,False,False,0.867843328097435,ES2,p>=0.05,,perturbation_control,COX5B
CSNK1A1-1,0.5060015447242324,0.00029997000299970003,0.0010713214392846428,True,True,2.9700802038994194,ES2,p<0.05,,perturbation_control,CSNK1A1
CSNK1A1-2,0.15703772061845314,0.0438956104389561,0.066508500665085,True,False,1.17712284257661,ES2,p<0.05,,perturbation_control,CSNK1A1
CTNNB1-1,0.6068614718614719,9.999000099990002e-05,0.0003703333370366667,True,True,3.43140719143585,ES2,p<0.05,,perturbation_control,CTNNB1
CTNNB1-2,0.26051875672297625,0.009999000099990002,0.020831250208312505,True,True,1.6812846646524497,ES2,p<0.05,,perturbation_control,CTNNB1
DOT1L-1,0.2417522332095787,0.016798320167983202,0.033596640335966405,True,True,1.4737041498870185,ES2,p<0.05,,perturbation_control,DOT1L
DOT1L-2,0.16108476922831802,0.0423957604239576,0.06522424680608861,True,False,1.1855909273269858,ES2,p<0.05,,perturbation_control,DOT1L
EGFR-1,0.2680342052711875,0.0081991800819918,0.017824304526069132,True,True,1.7489874065747202,ES2,p<0.05,,perturbation_control,EGFR
EGFR-2,0.14379779525346278,0.050594940505949405,0.07332600073326001,False,False,1.1347420011743188,ES2,p>=0.05,,perturbation_control,EGFR
EGLN1-8,0.6843292129632322,9.999000099990002e-05,0.0003703333370366667,True,True,3.43140719143585,ES2,p<0.05,,perturbation_control,EGLN1
EGLN1-9,1.0,9.999000099990002e-05,0.0003703333370366667,True,True,3.43140719143585,ES2,p<0.05,,perturbation_control,EGLN1
ERBB2-1,0.23119919562867533,0.023297670232976703,0.04480321198649366,True,True,1.348690849885643,ES2,p<0.05,,perturbation_control,ERBB2
ERBB2-2,0.36672964836548744,0.0016998300169983002,0.004721750047217501,True,True,2.3258970066658757,ES2,p<0.05,,perturbation_control,ERBB2
ERBB3-1,0.12400417723689737,0.0714928507149285,0.09585708095857082,False,False,1.01837580028568,ES2,p>=0.05,,perturbation_control,ERBB3
ERBB3-2,0.06620100251730297,0.20977902209779023,0.22802067619325023,False,False,0.6420257707648789,ES2,p>=0.05,,perturbation_control,ERBB3
EZH2-1,0.3873052211555619,0.0012998700129987,0.0038231470970549997,True,True,2.417578992012281,ES2,p<0.05,,perturbation_control,EZH2
EZH2-2,0.34058296352024037,0.0023997600239976003,0.006153230830763077,True,True,2.2108967925917558,ES2,p<0.05,,perturbation_control,EZH2
GLS-1,0.18341308574001855,0.0382961703829617,0.06241311352735694,True,False,1.204724151756205,ES2,p<0.05,,perturbation_control,GLS
GLS-2,0.12507009404383487,0.06969303069693031,0.09585708095857082,False,False,1.01837580028568,ES2,p>=0.05,,perturbation_control,GLS
GPX4-1,1.0,9.999000099990002e-05,0.0003703333370366667,True,True,3.43140719143585,ES2,p<0.05,,perturbation_control,GPX4
GPX4-2,0.7470562576769227,9.999000099990002e-05,0.0003703333370366667,True,True,3.43140719143585,ES2,p<0.05,,perturbation_control,GPX4
HIF1a-1,0.20815300266356354,0.03519648035196481,0.06241311352735694,True,False,1.204724151756205,ES2,p<0.05,,perturbation_control,HIF1a
HIF1a-2,0.19173351493319432,0.0370962903709629,0.06241311352735694,True,False,1.204724151756205,ES2,p<0.05,,perturbation_control,HIF1a
ITGAV-1,1.0,9.999000099990002e-05,0.0003703333370366667,True,True,3.43140719143585,ES2,p<0.05,,perturbation_control,ITGAV
ITGAV-2,1.0,9.999000099990002e-05,0.0003703333370366667,True,True,3.43140719143585,ES2,p<0.05,,perturbation_control,ITGAV
JAK3-1,0.11996719479302087,0.07739226077392261,0.10050942957652287,False,False,0.997793191766452,ES2,p>=0.05,,perturbation_control,JAK3
JAK3-2,0.05554376343491946,0.28317168283171684,0.30448568046421165,False,False,0.5164331268130664,ES2,p>=0.05,,perturbation_control,JAK3
KIF11-1,0.6300249355403346,9.999000099990002e-05,0.0003703333370366667,True,True,3.43140719143585,ES2,p<0.05,,perturbation_control,KIF11
KIF11-2,0.6731185782348573,9.999000099990002e-05,0.0003703333370366667,True,True,3.43140719143585,ES2,p<0.05,,perturbation_control,KIF11
KRAS-1,0.12375803425900578,0.07189281071892811,0.09585708095857082,False,False,1.01837580028568,ES2,p>=0.05,,perturbation_control,KRAS
KRAS-2A,0.12543355929477973,0.0688931106889311,0.09585708095857082,False,False,1.01837580028568,ES2,p>=0.05,,perturbation_control,KRAS
KRAS-2B,0.04479839107100622,0.40815918408159185,0.4207826640016411,False,False,0.3759421611630558,ES2,p>=0.05,,perturbation_control,KRAS
MAPK1-1,0.9265476190476191,9.999000099990002e-05,0.0003703333370366667,True,True,3.43140719143585,ES2,p<0.05,,perturbation_control,MAPK1
MAPK1-2,1.0,9.999000099990002e-05,0.0003703333370366667,True,True,3.43140719143585,ES2,p<0.05,,perturbation_control,MAPK1
MCL1-2,0.0766900406757741,0.1593840615938406,0.18111825181118252,False,False,0.7420377823669377,ES2,p>=0.05,,perturbation_control,MCL1
MCL1-5,0.06652392269471494,0.20807919208079192,0.22802067619325023,False,False,0.6420257707648789,ES2,p>=0.05,,perturbation_control,MCL1
MTOR-1,0.38554721973572054,0.0012998700129987,0.0038231470970549997,True,True,2.417578992012281,ES2,p<0.05,,perturbation_control,MTOR
MTOR-2,0.6824718580438939,9.999000099990002e-05,0.0003703333370366667,True,True,3.43140719143585,ES2,p<0.05,,perturbation_control,MTOR
MYC-1,1.0,9.999000099990002e-05,0.0003703333370366667,True,True,3.43140719143585,ES2,p<0.05,,perturbation_control,MYC
MYC-2,1.0,9.999000099990002e-05,0.0003703333370366667,True,True,3.43140719143585,ES2,p<0.05,,perturbation_control,MYC
PIK3CA-1,0.08663592256792622,0.13068693130686931,0.15021486357111416,False,False,0.8232870923149369,ES2,p>=0.05,,perturbation_control,PIK3CA
PIK3CA-2,0.19381807763502643,0.0367963203679632,0.06241311352735694,True,False,1.204724151756205,ES2,p<0.05,,perturbation_control,PIK3CA
PRDX1-1,0.04783757438803827,0.36976302369763026,0.3894347407364527,False,False,0.4095653084987154,ES2,p>=0.05,,perturbation_control,PRDX1
PRDX1-2,0.18034003422880132,0.038696130386961305,0.06241311352735694,True,False,1.204724151756205,ES2,p<0.05,,perturbation_control,PRDX1
PTK2-1,0.33112486994591006,0.0024997500249975004,0.00624937506249375,True,True,2.2041634099327876,ES2,p<0.05,,perturbation_control,PTK2
PTK2-2,0.4415791493061314,0.0005999400059994001,0.0018748125187481252,True,True,2.727042155213125,ES2,p<0.05,,perturbation_control,PTK2
RAC1-1,0.1543335731061829,0.0446955304469553,0.06670974693575418,True,False,1.1758107068457526,ES2,p<0.05,,perturbation_control,RAC1
RAC1-2,0.12203511192815149,0.07439256074392561,0.09788494834727055,False,False,1.0092840840117754,ES2,p>=0.05,,perturbation_control,RAC1
RAF1-1,0.18318234282180387,0.0382961703829617,0.06241311352735694,True,False,1.204724151756205,ES2,p<0.05,,perturbation_control,RAF1
RAF1-2,0.1019748175650801,0.09579042095790422,0.11577155537458303,False,False,0.9363981319843911,ES2,p>=0.05,,perturbation_control,RAF1
RHOA-1,0.8956031006031006,9.999000099990002e-05,0.0003703333370366667,True,True,3.43140719143585,ES2,p<0.05,,perturbation_control,RHOA
RHOA-2,0.9697222222222223,9.999000099990002e-05,0.0003703333370366667,True,True,3.43140719143585,ES2,p<0.05,,perturbation_control,RHOA
SDHB-1,0.1280447922396691,0.06519348065193481,0.09313354378847831,False,False,1.0308938715591993,ES2,p>=0.05,,perturbation_control,SDHB
SDHB-2,0.2340758318238887,0.0207979202079792,0.04078023570192,True,True,1.3895502684120375,ES2,p<0.05,,perturbation_control,SDHB
SLC2A1-1,0.7305524465606065,9.999000099990002e-05,0.0003703333370366667,True,True,3.43140719143585,ES2,p<0.05,,perturbation_control,SLC2A1
SLC2A2-2,0.8296047008547008,9.999000099990002e-05,0.0003703333370366667,True,True,3.43140719143585,ES2,p<0.05,,perturbation_control,SLC2A2
SMARCB1-1,0.2886994551103846,0.0044995500449955,0.0102262501022625,True,True,1.9902835899877065,ES2,p<0.05,,perturbation_control,SMARCB1
SMARCB1-2,0.32374018196127763,0.0028997100289971,0.007072463485358781,True,True,2.150429286097642,ES2,p<0.05,,perturbation_control,SMARCB1
STAT3-1,0.047831081110978564,0.36996300369963003,0.3894347407364527,False,False,0.4095653084987154,ES2,p>=0.05,,perturbation_control,STAT3
STAT3-2,0.10179063931225263,0.09609039096090391,0.11577155537458303,False,False,0.9363981319843911,ES2,p>=0.05,,perturbation_control,STAT3
SUZ12-1,0.20046652877257778,0.03569643035696431,0.06241311352735694,True,False,1.204724151756205,ES2,p<0.05,,perturbation_control,SUZ12
SUZ12-2,0.3713140074778438,0.0015998400159984002,0.004570971474281144,True,True,2.3399914889712132,ES2,p<0.05,,perturbation_control,SUZ12
TXN-1,0.25494457135694343,0.011198880111988802,0.022854857371405718,True,True,1.6410214846351947,ES2,p<0.05,,perturbation_control,TXN
TXN-2,0.10526628099367101,0.09149085091490851,0.11436356364363563,False,False,0.941712320202358,ES2,p>=0.05,,perturbation_control,TXN
XBP-1,0.1725514112651784,0.0400959904009599,0.06311868813118687,True,False,1.199842036150145,ES2,p<0.05,,perturbation_control,XBP
XBP-2,0.30546265440741566,0.0036996300369963003,0.008603790783712326,True,True,2.0653101587894542,ES2,p<0.05,,perturbation_control,XBP
YAP1-1,0.4911753337113581,0.00039996000399960006,0.0012901935612890324,True,True,2.889345129783173,ES2,p<0.05,,perturbation_control,YAP1
YAP1-2,1.0,9.999000099990002e-05,0.0003703333370366667,True,True,3.43140719143585,ES2,p<0.05,,perturbation_control,YAP1
AKT1-1,0.28633265049053513,0.004999500049995001,0.011362500113625001,True,True,1.9445260994270313,HCC44,p<0.05,,perturbation_control,AKT1
AKT1-2,0.10398324196251924,0.09319068093190681,0.11648835116488351,False,False,0.9337175019148248,HCC44,p>=0.05,,perturbation_control,AKT1
ARID1B-1,0.11178986371759027,0.08449155084491551,0.10972928681157858,False,False,0.9596774434996522,HCC44,p>=0.05,,perturbation_control,ARID1B
ARID1B-2,0.10305827611934254,0.09449055094490551,0.11665500116655,False,False,0.9330966376462495,HCC44,p>=0.05,,perturbation_control,ARID1B
ATF4-1,0.8699591149591149,9.999000099990002e-05,0.0003703333370366667,True,True,3.43140719143585,HCC44,p<0.05,,perturbation_control,ATF4
ATF4-2,0.18856501290940972,0.0375962403759624,0.06467095225961275,True,False,1.1892907441549343,HCC44,p<0.05,,perturbation_control,ATF4
ATP50-1,0.6354493226502754,9.999000099990002e-05,0.0003703333370366667,True,True,3.43140719143585,HCC44,p<0.05,,perturbation_control,ATP50
ATP50-2,0.4235190437823817,0.0011998800119988001,0.003428228605710858,True,True,2.4649302255795136,HCC44,p<0.05,,perturbation_control,ATP50
AURKB-2,0.2352400030684411,0.020097990200979902,0.04187081291870813,True,True,1.378088607231961,HCC44,p<0.05,,perturbation_control,AURKB
BCL2-1,0.07036233428481206,0.18748125187481252,0.19529297070292972,False,False,0.7093133882526934,HCC44,p>=0.05,,perturbation_control,BCL2
BCL2-2,0.10816999434728754,0.08809119088091191,0.11150783655811634,False,False,0.9526946101552561,HCC44,p>=0.05,,perturbation_control,BCL2
BCL2L2-1,0.4000957673140016,0.0012998700129987,0.0036107500361075005,True,True,2.4424025757373133,HCC44,p<0.05,,perturbation_control,BCL2L2
BCL2L2-2,0.04946489967350695,0.34866513348665135,0.35218700352187005,False,False,0.453226674498436,HCC44,p>=0.05,,perturbation_control,BCL2L2
BCL2L2-4,0.4734373436787485,0.00039996000399960006,0.0012498750124987502,True,True,2.9031334142688063,HCC44,p<0.05,,perturbation_control,BCL2L2
BRAF-2,0.13102636330491477,0.06189381061893811,0.08717438115343396,False,False,1.05961112697582,HCC44,p>=0.05,,perturbation_control,BRAF
BRAF1-1,0.09986059620500393,0.10018998100189981,0.1196308940534518,False,False,0.9221566515822367,HCC44,p>=0.05,,perturbation_control,BRAF1
BRCA1-1,0.21027256985999945,0.034896510348965105,0.06467095225961275,True,False,1.1892907441549343,HCC44,p<0.05,,perturbation_control,BRCA1
BRCA1-2,0.09631761113352445,0.10778922107789221,0.12493003573205898,False,False,0.9033331358091866,HCC44,p>=0.05,,perturbation_control,BRCA1
BRD4-1,0.9542328042328042,9.999000099990002e-05,0.0003703333370366667,True,True,3.43140719143585,HCC44,p<0.05,,perturbation_control,BRD4
BRD4-2,0.9779761904761904,9.999000099990002e-05,0.0003703333370366667,True,True,3.43140719143585,HCC44,p<0.05,,perturbation_control,BRD4
CCND1-1,0.11569085713083409,0.08089191080891911,0.10972928681157858,False,False,0.9596774434996522,HCC44,p>=0.05,,perturbation_control,CCND1
CCND1-2,0.242567562306129,0.0165983401659834,0.03531561737443277,True,True,1.452033197172525,HCC44,p<0.05,,perturbation_control,CCND1
CCNE1-1,1.0,9.999000099990002e-05,0.0003703333370366667,True,True,3.43140719143585,HCC44,p<0.05,,perturbation_control,CCNE1
CCNE1-2,0.4714147560727154,0.00039996000399960006,0.0012498750124987502,True,True,2.9031334142688063,HCC44,p<0.05,,perturbation_control,CCNE1
CDK2-1,0.8726683039183039,9.999000099990002e-05,0.0003703333370366667,True,True,3.43140719143585,HCC44,p<0.05,,perturbation_control,CDK2
CDK2-2,0.9476984126984127,9.999000099990002e-05,0.0003703333370366667,True,True,3.43140719143585,HCC44,p<0.05,,perturbation_control,CDK2
CDK4-1,0.32875313242090687,0.0025997400259974,0.006340829331700977,True,True,2.1978539360257803,HCC44,p<0.05,,perturbation_control,CDK4
CDK4-2,0.19004743589728182,0.0374962503749625,0.06467095225961275,True,False,1.1892907441549343,HCC44,p<0.05,,perturbation_control,CDK4
CDK4-3,0.2136714287206306,0.0344965503449655,0.06467095225961275,True,False,1.1892907441549343,HCC44,p<0.05,,perturbation_control,CDK4
CHEK2-1,0.07045139033269174,0.18708129187081293,0.19529297070292972,False,False,0.7093133882526934,HCC44,p>=0.05,,perturbation_control,CHEK2
CHEK2-2,0.11281841054522662,0.08389161083891611,0.10972928681157858,False,False,0.9596774434996522,HCC44,p>=0.05,,perturbation_control,CHEK2
COX5B-1,0.15868715631922312,0.0433956604339566,0.0647696424387412,True,False,1.1886285004651784,HCC44,p<0.05,,perturbation_control,COX5B
COX5B-2,0.46411357021803895,0.00039996000399960006,0.0012498750124987502,True,True,2.9031334142688063,HCC44,p<0.05,,perturbation_control,COX5B
CSNK1A1-1,0.8296164021164021,9.999000099990002e-05,0.0003703333370366667,True,True,3.43140719143585,HCC44,p<0.05,,perturbation_control,CSNK1A1
CSNK1A1-2,0.30257607716824814,0.0036996300369963003,0.008808642945229287,True,True,2.055090993607768,HCC44,p<0.05,,perturbation_control,CSNK1A1
CTNNB1-1,0.18385021574438212,0.0382961703829617,0.06467095225961275,True,False,1.1892907441549343,HCC44,p<0.05,,perturbation_control,CTNNB1
CTNNB1-2,0.17302126148651387,0.039996000399960006,0.06467095225961275,True,False,1.1892907441549343,HCC44,p<0.05,,perturbation_control,CTNNB1
DOT1L-1,0.17108201565433387,0.0400959904009599,0.06467095225961275,True,False,1.1892907441549343,HCC44,p<0.05,,perturbation_control,DOT1L
DOT1L-2,0.370106331378294,0.0015998400159984002,0.004323891935130811,True,True,2.364125168687933,HCC44,p<0.05,,perturbation_control,DOT1L
EGFR-1,0.17617143719656003,0.0390960903909609,0.06467095225961275,True,False,1.1892907441549343,HCC44,p<0.05,,perturbation_control,EGFR
EGFR-2,0.21440350330347366,0.034396560343965606,0.06467095225961275,True,False,1.1892907441549343,HCC44,p<0.05,,perturbation_control,EGFR
EGLN1-8,0.5280160222683616,9.999000099990002e-05,0.0003703333370366667,True,True,3.43140719143585,HCC44,p<0.05,,perturbation_control,EGLN1
EGLN1-9,0.8971428571428571,9.999000099990002e-05,0.0003703333370366667,True,True,3.43140719143585,HCC44,p<0.05,,perturbation_control,EGLN1
ERBB2-1,0.04920840085766647,0.35326467353264673,0.35326467353264673,False,False,0.4518997898420172,HCC44,p>=0.05,,perturbation_control,ERBB2
ERBB2-2,0.05914991234941183,0.25407459254074594,0.2592597883068836,False,False,0.5862648379189881,HCC44,p>=0.05,,perturbation_control,ERBB2
ERBB3-1,0.18533768943081871,0.03799620037996201,0.06467095225961275,True,False,1.1892907441549343,HCC44,p<0.05,,perturbation_control,ERBB3
ERBB3-2,0.09967315063871678,0.1004899510048995,0.1196308940534518,False,False,0.9221566515822367,HCC44,p>=0.05,,perturbation_control,ERBB3
EZH2-1,0.3601756112101362,0.0017998200179982,0.004736368468416316,True,True,2.3245545187903667,HCC44,p<0.05,,perturbation_control,EZH2
EZH2-2,0.163388327940001,0.0415958404159584,0.0647696424387412,True,False,1.1886285004651784,HCC44,p<0.05,,perturbation_control,EZH2
GLS-1,0.2046258860238556,0.035396460353964605,0.06467095225961275,True,False,1.1892907441549343,HCC44,p<0.05,,perturbation_control,GLS
GLS-2,0.28623401341361604,0.004999500049995001,0.011362500113625001,True,True,1.9445260994270313,HCC44,p<0.05,,perturbation_control,GLS
GPX4-1,0.11420172984692144,0.08249175082491751,0.10972928681157858,False,False,0.9596774434996522,HCC44,p>=0.05,,perturbation_control,GPX4
GPX4-2,0.11297408445062389,0.0836916308369163,0.10972928681157858,False,False,0.9596774434996522,HCC44,p>=0.05,,perturbation_control,GPX4
HIF1a-1,0.13525663440213567,0.055894410558944105,0.0821976625866825,False,False,1.0851405320966758,HCC44,p>=0.05,,perturbation_control,HIF1a
HIF1a-2,0.13241881864843646,0.06009399060093991,0.08584855800134274,False,False,1.0662669952883799,HCC44,p>=0.05,,perturbation_control,HIF1a
ITGAV-1,1.0,9.999000099990002e-05,0.0003703333370366667,True,True,3.43140719143585,HCC44,p<0.05,,perturbation_control,ITGAV
ITGAV-2,1.0,9.999000099990002e-05,0.0003703333370366667,True,True,3.43140719143585,HCC44,p<0.05,,perturbation_control,ITGAV
JAK3-1,0.209944713471616,0.034996500349965,0.06467095225961275,True,False,1.1892907441549343,HCC44,p<0.05,,perturbation_control,JAK3
JAK3-2,0.15917569502778323,0.04329567043295671,0.0647696424387412,True,False,1.1886285004651784,HCC44,p<0.05,,perturbation_control,JAK3
KIF11-1,0.9793650793650794,9.999000099990002e-05,0.0003703333370366667,True,True,3.43140719143585,HCC44,p<0.05,,perturbation_control,KIF11
KIF11-2,0.9321031746031746,9.999000099990002e-05,0.0003703333370366667,True,True,3.43140719143585,HCC44,p<0.05,,perturbation_control,KIF11
KRAS-1,0.6231832981832982,9.999000099990002e-05,0.0003703333370366667,True,True,3.43140719143585,HCC44,p<0.05,,perturbation_control,KRAS
KRAS-2A,0.9186928104575163,9.999000099990002e-05,0.0003703333370366667,True,True,3.43140719143585,HCC44,p<0.05,,perturbation_control,KRAS
KRAS-2B,0.07699083038490916,0.1583841615838416,0.17404852921301275,False,False,0.7593296423444816,HCC44,p>=0.05,,perturbation_control,KRAS
MAPK1-1,0.07162179188928351,0.1807819218078192,0.19232119341257364,False,False,0.7159728547372168,HCC44,p>=0.05,,perturbation_control,MAPK1
MAPK1-2,0.11362607467077278,0.08289171082891711,0.10972928681157858,False,False,0.9596774434996522,HCC44,p>=0.05,,perturbation_control,MAPK1
MCL1-2,0.06823224865993704,0.19838016198380162,0.2045156309111357,False,False,0.6892734937249476,HCC44,p>=0.05,,perturbation_control,MCL1
MCL1-5,0.2073158337432749,0.03519648035196481,0.06467095225961275,True,False,1.1892907441549343,HCC44,p<0.05,,perturbation_control,MCL1
MTOR-1,0.3450555478140394,0.0021997800219978004,0.005640461594866155,True,True,2.2486853534811555,HCC44,p<0.05,,perturbation_control,MTOR
MTOR-2,0.6820460456555791,9.999000099990002e-05,0.0003703333370366667,True,True,3.43140719143585,HCC44,p<0.05,,perturbation_control,MTOR
MYC-1,0.9888888888888889,9.999000099990002e-05,0.0003703333370366667,True,True,3.43140719143585,HCC44,p<0.05,,perturbation_control,MYC
MYC-2,1.0,9.999000099990002e-05,0.0003703333370366667,True,True,3.43140719143585,HCC44,p<0.05,,perturbation_control,MYC
PIK3CA-1,0.5390562433209493,9.999000099990002e-05,0.0003703333370366667,True,True,3.43140719143585,HCC44,p<0.05,,perturbation_control,PIK3CA
PIK3CA-2,0.4326300357635122,0.000999900009999,0.00294088238235,True,True,2.531522344319118,HCC44,p<0.05,,perturbation_control,PIK3CA
PRDX1-1,0.0746272560729812,0.1685831416858314,0.18127219536110903,False,False,0.7416688055420744,HCC44,p>=0.05,,perturbation_control,PRDX1
PRDX1-2,0.07588027991827458,0.1621837816218378,0.17628671915417152,False,False,0.7537804047472807,HCC44,p>=0.05,,perturbation_control,PRDX1
PTK2-1,0.72995374995375,9.999000099990002e-05,0.0003703333370366667,True,True,3.43140719143585,HCC44,p<0.05,,perturbation_control,PTK2
PTK2-2,0.9587719298245614,9.999000099990002e-05,0.0003703333370366667,True,True,3.43140719143585,HCC44,p<0.05,,perturbation_control,PTK2
RAC1-1,0.33307734889268215,0.0024997500249975004,0.00624937506249375,True,True,2.2041634099327876,HCC44,p<0.05,,perturbation_control,RAC1
RAC1-2,0.10965416791246115,0.0862913708629137,0.11062996264476116,False,False,0.9561272342521335,HCC44,p>=0.05,,perturbation_control,RAC1
RAF1-1,0.1967422058287118,0.0365963403659634,0.06467095225961275,True,False,1.1892907441549343,HCC44,p<0.05,,perturbation_control,RAF1
RAF1-2,0.09004555357771972,0.12188781121887811,0.13850887638508877,False,False,0.8585223938086494,HCC44,p>=0.05,,perturbation_control,RAF1
RHOA-1,0.849248366013072,9.999000099990002e-05,0.0003703333370366667,True,True,3.43140719143585,HCC44,p<0.05,,perturbation_control,RHOA
RHOA-2,1.0,9.999000099990002e-05,0.0003703333370366667,True,True,3.43140719143585,HCC44,p<0.05,,perturbation_control,RHOA
SDHB-1,0.48124844306869036,0.00039996000399960006,0.0012498750124987502,True,True,2.9031334142688063,HCC44,p<0.05,,perturbation_control,SDHB
SDHB-2,0.844457671957672,9.999000099990002e-05,0.0003703333370366667,True,True,3.43140719143585,HCC44,p<0.05,,perturbation_control,SDHB
SLC2A1-1,0.5832662671388161,9.999000099990002e-05,0.0003703333370366667,True,True,3.43140719143585,HCC44,p<0.05,,perturbation_control,SLC2A1
SLC2A2-2,0.43338840478628277,0.000999900009999,0.00294088238235,True,True,2.531522344319118,HCC44,p<0.05,,perturbation_control,SLC2A2
SMARCB1-1,0.5227855084932947,0.00019998000199980003,0.0007142142928564286,True,True,3.1461714629551008,HCC44,p<0.05,,perturbation_control,SMARCB1
SMARCB1-2,0.26019728307006046,0.010198980101989802,0.02217169587389087,True,True,1.6542010871965191,HCC44,p<0.05,,perturbation_control,SMARCB1
STAT3-1,0.10027712251337084,0.0993900609939006,0.1196308940534518,False,False,0.9221566515822367,HCC44,p>=0.05,,perturbation_control,STAT3
STAT3-2,0.096526239001202,0.10738926107389261,0.12493003573205898,False,False,0.9033331358091866,HCC44,p>=0.05,,perturbation_control,STAT3
SUZ12-1,0.2811971489288404,0.0058994100589941,0.013109800131098,True,True,1.8824039294100623,HCC44,p<0.05,,perturbation_control,SUZ12
SUZ12-2,0.7445451770451771,9.999000099990002e-05,0.0003703333370366667,True,True,3.43140719143585,HCC44,p<0.05,,perturbation_control,SUZ12
TXN-1,0.1343833918620602,0.057194280571942806,0.08289026169846785,False,False,1.0814964892210936,HCC44,p>=0.05,,perturbation_control,TXN
TXN-2,0.08613527608763434,0.13138686131386862,0.1476256868695153,False,False,0.8308380686980135,HCC44,p>=0.05,,perturbation_control,TXN
XBP-1,0.15893820288899865,0.04329567043295671,0.0647696424387412,True,False,1.1886285004651784,HCC44,p<0.05,,perturbation_control,XBP
XBP-2,0.16181606941537904,0.0420957904209579,0.0647696424387412,True,False,1.1886285004651784,HCC44,p<0.05,,perturbation_control,XBP
YAP1-1,0.0960500661965229,0.10868913108689131,0.12493003573205898,False,False,0.9033331358091866,HCC44,p>=0.05,,perturbation_control,YAP1
YAP1-2,0.08208843300641451,0.141985801419858,0.15776200157762,False,False,0.8019975923331311,HCC44,p>=0.05,,perturbation_control,YAP1
