perturbation	group	mAP	p_value	corrected_p_value	below_p	p < 0.05	-log10(mAP p-value)	id	sequence	gene	gamma_day5	gamma_day10	relative_activity_day5	relative_activity_day10
ALDOA_ALDOA_+_30077139.23-P1P2_00	ALDOA	0.7019230769230769	0.047927904144191714	0.07481428939581146	True	False	1.1260154447416348	ALDOA_+_30077139.23-P1P2_00	GGTCACCAGGACCCCTTCTG	ALDOA	-0.4127462570364528	-0.3664685683267774	1.0	1.0
ALDOA_ALDOA_+_30077139.23-P1P2_06	ALDOA	0.6785714285714286	0.06290987418025164	0.0947348693537907	False	False	1.0234901394695133	ALDOA_+_30077139.23-P1P2_06	GGTCACCAGGATCCCTTCTG	ALDOA	-0.3966869088836744	-0.3485030221323547	0.961091474776572	0.9509765700331414
ALDOA_ALDOA_+_30077139.23-P1P2_07	ALDOA	0.6785714285714286	0.06290987418025164	0.0947348693537907	False	False	1.0234901394695133	ALDOA_+_30077139.23-P1P2_07	GGTCACCAGGCCCCCTTCTG	ALDOA	-0.3608923649690538	-0.3350590431815617	0.8743685952727627	0.914291353038474
ALDOA_ALDOA_+_30077139.23-P1P2_13	ALDOA	0.1935148185148185	0.9990320019359962	0.9996560006879986	False	False	0.00014942270510833467	ALDOA_+_30077139.23-P1P2_13	GGTCACCAGGACCCCTTTTG	ALDOA	0.0170630216363427	-0.0002202829373106	-0.041340221371979	0.0006010964004808
ALDOA_ALDOA_+_30077139.23-P1P2_14	ALDOA	0.2418831168831169	0.916268167463665	0.9996560006879986	False	False	0.00014942270510833467	ALDOA_+_30077139.23-P1P2_14	GGTCACCAGGACCGCTTCTG	ALDOA	-0.1752434314828769	-0.1566113929549746	0.424579093075579	0.427352865949817
ATP5E_ATP5E_-_57607036.23-P1P2_00	ATP5E	0.8928571428571428	0.003087993824012352	0.005646617278194015	True	True	2.248211647290785	ATP5E_-_57607036.23-P1P2_00	GGTGTCCAGGGGCACTCTGT	ATP5E	-0.1768982315844933	-0.2247230520410116	1.0	1.0
ATP5E_ATP5E_-_57607036.23-P1P2_01	ATP5E	0.9166666666666666	0.00217999564000872	0.004292914491094095	True	True	2.3672477619784775	ATP5E_-_57607036.23-P1P2_01	GGTGTCCTGGGGCACTCTGT	ATP5E	-0.2096579340786029	-0.2283730781396743	1.1851895420359946	1.0162423305731738
ATP5E_ATP5E_-_57607036.23-P1P2_04	ATP5E	0.3479437229437229	0.5624628750742499	0.6856690286619427	False	False	0.16388546696307968	ATP5E_-_57607036.23-P1P2_04	GGTGTCCAGGAGCACTCTGT	ATP5E	-0.0979325743832265	-0.1204064125175193	0.5536096856708839	0.5357991155066072
ATP5E_ATP5E_-_57607036.23-P1P2_14	ATP5E	0.20203754578754576	0.9949620100759798	0.9996560006879986	False	False	0.00014942270510833467	ATP5E_-_57607036.23-P1P2_14	GGTGTCCAGGGGCACTGTGT	ATP5E	-0.0123299154877695	-0.0350618276457647	0.0697006147394997	0.1560223899031328
ATP5E_ATP5E_-_57607036.23-P1P2_16	ATP5E	0.8303571428571428	0.0110499779000442	0.01911347528656294	True	True	1.7186603406500736	ATP5E_-_57607036.23-P1P2_16	GGTGTCCAGGGGCGCTCTGT	ATP5E	-0.1616070876701526	-0.1655853260727622	0.9135596564342304	0.7368417461798406
BCR_BCR_+_23523092.23-P1P2_00	BCR	1.0	1.999996000008e-06	5.019597803941647e-06	True	True	5.299331079374182	BCR_+_23523092.23-P1P2_00	GCGCGCGGGGCCCGTCTCAG	BCR	-0.8425528501003656	-0.5067824631666772	1.0	1.0
BCR_BCR_+_23523092.23-P1P2_04	BCR	1.0	1.999996000008e-06	5.019597803941647e-06	True	True	5.299331079374182	BCR_+_23523092.23-P1P2_04	GCGCGCGGAGCCCGTCTCAG	BCR	-0.7400520210766667	-0.4180396686225673	0.8783449263610122	0.8248897683049404
BCR_BCR_+_23523092.23-P1P2_05	BCR	0.5738095238095238	0.17912764174471651	0.24554435997510984	False	False	0.6098700369337964	BCR_+_23523092.23-P1P2_05	GCGCGCGGCGCCCGTCTCAG	BCR	-0.3535485553422552	-0.2246915235193203	0.4196158796449863	0.4433687821699956
BCR_BCR_+_23523092.23-P1P2_07	BCR	1.0	1.999996000008e-06	5.019597803941647e-06	True	True	5.299331079374182	BCR_+_23523092.23-P1P2_07	GCGCGCGGGGCTCGTCTCAG	BCR	-0.8706596360209884	-0.4868795080852305	1.0333590776142705	0.9607268275285588
BCR_BCR_+_23523092.23-P1P2_13	BCR	0.5032967032967033	0.3009553980892038	0.39308460158589886	False	False	0.4055139685870771	BCR_+_23523092.23-P1P2_13	GCGCGCGGGGCCCATCTCAG	BCR	-0.2183357676354853	-0.1615264178884691	0.259135990827729	0.3187292963516463
BCR_BCR_+_23523092.23-P1P2_15	BCR	0.5699633699633699	0.18405963188073624	0.2479961355866762	False	False	0.605555086538535	BCR_+_23523092.23-P1P2_15	GCGCGCGGGGCCCGTCGCAG	BCR	-0.2314079721520862	-0.1772960074536917	0.274650987323253	0.3498463746078372
CAD_CAD_+_27440280.23-P1P2_00	CAD	1.0	1.999996000008e-06	5.019597803941647e-06	True	True	5.299331079374182	CAD_+_27440280.23-P1P2_00	GGCTGGAGAGAAGCCGGGCG	CAD	-0.7714252198835279	-0.6840310234077223	1.0	1.0
CAD_CAD_+_27440280.23-P1P2_03	CAD	1.0	1.999996000008e-06	5.019597803941647e-06	True	True	5.299331079374182	CAD_+_27440280.23-P1P2_03	GGCTGGTGAGAAGCCGGGCG	CAD	-0.7687482412394501	-0.6266948400501084	0.9965298274219218	0.9161789723045382
CAD_CAD_+_27440280.23-P1P2_06	CAD	1.0	1.999996000008e-06	5.019597803941647e-06	True	True	5.299331079374182	CAD_+_27440280.23-P1P2_06	GGCTGGAGAGTAGCCGGGCG	CAD	-0.3975413770279012	-0.3141085264804744	0.5153336535820325	0.4592021644217844
CAD_CAD_+_27440280.23-P1P2_07	CAD	1.0	1.999996000008e-06	5.019597803941647e-06	True	True	5.299331079374182	CAD_+_27440280.23-P1P2_07	GGCTGGAGCGAAGCCGGGCG	CAD	-0.6026400289627765	-0.4658647452647984	0.7812034315571961	0.6810579188995584
CAD_CAD_+_27440280.23-P1P2_13	CAD	0.2291208791208791	0.9517100965798069	0.9996560006879986	False	False	0.00014942270510833467	CAD_+_27440280.23-P1P2_13	GGCTGGAGAGAAGCCTGGCG	CAD	-0.1861418926523141	-0.1648479382812855	0.2412960943646857	0.2409948271937171
CDC23_CDC23_-_137548987.23-P1P2_00	CDC23	0.95	0.0010499979000042	0.002167737600008671	True	True	2.6639932893685425	CDC23_-_137548987.23-P1P2_00	GACAGCCACCGGGACCATGG	CDC23	-1.1761482707014126	-0.6583699904978307	1.0	1.0
CDC23_CDC23_-_137548987.23-P1P2_02	CDC23	1.0	1.999996000008e-06	5.019597803941647e-06	True	True	5.299331079374182	CDC23_-_137548987.23-P1P2_02	GACAGCTACCGGGACCATGG	CDC23	-1.0865216870037642	-0.5704584445632177	0.9237965263986672	0.8664709096656453
CDC23_CDC23_-_137548987.23-P1P2_04	CDC23	0.95	0.0010499979000042	0.002167737600008671	True	True	2.6639932893685425	CDC23_-_137548987.23-P1P2_04	GACAGCCAACGGGACCATGG	CDC23	-0.8887406883614861	-0.5364090455322124	0.7556366067957343	0.8147531832770859
CDC23_CDC23_-_137548987.23-P1P2_08	CDC23	0.8928571428571428	0.003087993824012352	0.005646617278194015	True	True	2.248211647290785	CDC23_-_137548987.23-P1P2_08	GACAGCCATCGGGACCATGG	CDC23	-0.9559273824817464	-0.5500621373081586	0.8127609471479864	0.8354909021479329
CDC23_CDC23_-_137548987.23-P1P2_11	CDC23	0.19957542457542457	0.9959300081399837	0.9996560006879986	False	False	0.00014942270510833467	CDC23_-_137548987.23-P1P2_11	GACAGCCACCGGGACCACGG	CDC23	-0.2745241806190737	-0.2017681953075906	0.2334095007046665	0.3064662700604295
COX11_COX11_+_53045977.23-P1P2_00	COX11	0.5769230769230769	0.14037971924056153	0.19745718750320743	False	False	0.7045270531851261	COX11_+_53045977.23-P1P2_00	GGCTCTGGCGTCCTGGATGG	COX11	-0.1816735547863853	-0.2987601160635763	1.0	1.0
COX11_COX11_+_53045977.23-P1P2_03	COX11	0.2589285714285714	0.8573402853194294	0.9996560006879986	False	False	0.00014942270510833467	COX11_+_53045977.23-P1P2_03	GGCTCTGTCGTCCTGGATGG	COX11	-0.1719095412982087	-0.2874591312363945	0.9462551745648548	0.9621737165720712
COX11_COX11_+_53045977.23-P1P2_04	COX11	0.6575757575757576	0.07684584630830739	0.11306055548808444	False	False	0.9466888850989923	COX11_+_53045977.23-P1P2_04	GGCTCTGGCGCCCTGGATGG	COX11	-0.1494631074708818	-0.2574127749330873	0.8227015079141428	0.8616035444246171
COX11_COX11_+_53045977.23-P1P2_05	COX11	0.4083333333333333	0.4226751546496907	0.5304158803447099	False	False	0.2753834818830063	COX11_+_53045977.23-P1P2_05	GGCTCTGGCGTCTTGGATGG	COX11	-0.055498122267671	-0.1079565579305666	0.3054826682558542	0.3613486276313852
COX11_COX11_+_53045977.23-P1P2_10	COX11	0.3507326007326007	0.5544848910302179	0.682442942806422	False	False	0.16593365294680099	COX11_+_53045977.23-P1P2_10	GGCTCTGGCGTCCCGGATGG	COX11	-0.124745893618616	-0.1115557570945344	0.6866486086282301	0.3733957482825295
DBR1_DBR1_+_137893744.23-P1P2_00	DBR1	0.8928571428571428	0.003087993824012352	0.005646617278194015	True	True	2.248211647290785	DBR1_+_137893744.23-P1P2_00	GTTTGCAGGAGTCTACACCC	DBR1	-0.4556327118816898	-0.4893439334669879	1.0	1.0
DBR1_DBR1_+_137893744.23-P1P2_01	DBR1	0.8928571428571428	0.003087993824012352	0.005646617278194015	True	True	2.248211647290785	DBR1_+_137893744.23-P1P2_01	GATTGCAGGAGTCTACACCC	DBR1	-0.5119080995874025	-0.5474265209626142	1.1235104202095243	1.1186948146758715
DBR1_DBR1_+_137893744.23-P1P2_05	DBR1	0.5548611111111111	0.16951366097267806	0.23584509352720426	False	False	0.6273731542973363	DBR1_+_137893744.23-P1P2_05	GTTTGCAGGAGTGTACACCC	DBR1	-0.3102352960804433	-0.3093960240354322	0.6808889879728378	0.6322670066498426
DBR1_DBR1_+_137893744.23-P1P2_07	DBR1	0.9166666666666666	0.00217999564000872	0.004292914491094095	True	True	2.3672477619784775	DBR1_+_137893744.23-P1P2_07	GTTTGCAGGGGTCTACACCC	DBR1	-0.5167383726840931	-0.4679724944851621	1.1341116632079526	0.9563263432522606
DBR1_DBR1_+_137893744.23-P1P2_08	DBR1	0.41666666666666663	0.40739318521362955	0.5163002743301444	False	False	0.2870976441953954	DBR1_+_137893744.23-P1P2_08	GTTTGCAGTAGTCTACACCC	DBR1	-0.0352938246288287	-0.0526073730262489	0.077461129783836	0.1075059266670115
DUT_DUT_+_48624411.23-P1P2_00	DUT	1.0	1.999996000008e-06	5.019597803941647e-06	True	True	5.299331079374182	DUT_+_48624411.23-P1P2_00	GCGAGCGAGGAGACCACCGG	DUT	-0.7929051772213047	-0.6457473335399523	1.0	1.0
DUT_DUT_+_48624411.23-P1P2_01	DUT	1.0	1.999996000008e-06	5.019597803941647e-06	True	True	5.299331079374182	DUT_+_48624411.23-P1P2_01	GCCAGCGAGGAGACCACCGG	DUT	-0.7923812092420397	-0.6031705463758223	0.999339179520682	0.9340658722805308
DUT_DUT_+_48624411.23-P1P2_07	DUT	1.0	1.999996000008e-06	5.019597803941647e-06	True	True	5.299331079374182	DUT_+_48624411.23-P1P2_07	GCGAGCGAGGAGCCCACCGG	DUT	-0.7197148503699744	-0.4997966192138557	0.9076934683314568	0.7739817003563877
DUT_DUT_+_48624411.23-P1P2_08	DUT	1.0	1.999996000008e-06	5.019597803941647e-06	True	True	5.299331079374182	DUT_+_48624411.23-P1P2_08	GCGAGCGAGGAGGCCACCGG	DUT	-0.7724720735524389	-0.5861659415454918	0.9742300791369876	0.9077326550187386
DUT_DUT_+_48624411.23-P1P2_10	DUT	0.638095238095238	0.09280581438837122	0.1334735308057474	False	False	0.8746048508893713	DUT_+_48624411.23-P1P2_10	GCGAGCGAGGAGACCAACGG	DUT	-0.3863983615107924	-0.3195850609574854	0.487319761065132	0.4949072870429634
EIF2S1_EIF2S1_-_67827080.23-P1P2_00	EIF2S1	1.0	1.999996000008e-06	5.019597803941647e-06	True	True	5.299331079374182	EIF2S1_-_67827080.23-P1P2_00	GAGCGAAGCGCACGCTGAGG	EIF2S1	-0.904664360783458	-0.5154968264172671	1.0	1.0
EIF2S1_EIF2S1_-_67827080.23-P1P2_01	EIF2S1	0.9166666666666666	0.00217999564000872	0.004292914491094095	True	True	2.3672477619784775	EIF2S1_-_67827080.23-P1P2_01	GAGCGAAACGCACGCTGAGG	EIF2S1	-0.4466585214774093	-0.303163507053003	0.4937284376833347	0.588099657489663
EIF2S1_EIF2S1_-_67827080.23-P1P2_02	EIF2S1	0.95	0.0010499979000042	0.002167737600008671	True	True	2.6639932893685425	EIF2S1_-_67827080.23-P1P2_02	GAGCGCAGCGCACGCTGAGG	EIF2S1	-0.7287586038461379	-0.4555779231212945	0.8055568843399754	0.8837647484419788
EIF2S1_EIF2S1_-_67827080.23-P1P2_06	EIF2S1	1.0	1.999996000008e-06	5.019597803941647e-06	True	True	5.299331079374182	EIF2S1_-_67827080.23-P1P2_06	GAGCGAAGCGCGCGCTGAGG	EIF2S1	-0.6688310372641316	-0.3634812078875516	0.7393140110934735	0.705108526882245
EIF2S1_EIF2S1_-_67827080.23-P1P2_07	EIF2S1	0.1935148185148185	0.9990320019359962	0.9996560006879986	False	False	0.00014942270510833467	EIF2S1_-_67827080.23-P1P2_07	GAGCGAAGCGCTCGCTGAGG	EIF2S1	-0.0830690987981586	-0.0400404923734942	0.0918231140731785	0.0776735962697927
GATA1_GATA1_-_48645022.23-P1P2_00	GATA1	0.9666666666666668	0.00032999934000132	0.0007542842057173028	True	True	3.1224649860685396	GATA1_-_48645022.23-P1P2_00	GTGAGCTTGCCACATCCCCA	GATA1	-0.9627320230023312	-0.6153056419698073	1.0	1.0
GATA1_GATA1_-_48645022.23-P1P2_03	GATA1	0.9666666666666668	0.00032999934000132	0.0007542842057173028	True	True	3.1224649860685396	GATA1_-_48645022.23-P1P2_03	GTGCGCTTGCCACATCCCCA	GATA1	-0.9854792062685248	-0.6259105655848303	1.0236277413887775	1.0172352127002653
GATA1_GATA1_-_48645022.23-P1P2_04	GATA1	0.9666666666666668	0.00032999934000132	0.0007542842057173028	True	True	3.1224649860685396	GATA1_-_48645022.23-P1P2_04	GTGAGCTTACCACATCCCCA	GATA1	-0.9312619861410107	-0.6032307640614007	0.9673117377323968	0.9803758049905886
GATA1_GATA1_-_48645022.23-P1P2_06	GATA1	0.9666666666666668	0.00032999934000132	0.0007542842057173028	True	True	3.1224649860685396	GATA1_-_48645022.23-P1P2_06	GTGAGCTTGCGACATCCCCA	GATA1	-0.5072566221089974	-0.348632235248717	0.5268928528284439	0.5666000950887172
GATA1_GATA1_-_48645022.23-P1P2_08	GATA1	0.9666666666666668	0.00032999934000132	0.0007542842057173028	True	True	3.1224649860685396	GATA1_-_48645022.23-P1P2_08	GTGAGCTTTCCACATCCCCA	GATA1	-0.7632324345446211	-0.4893222066850527	0.7927776539149908	0.7952506418087801
GATA1_GATA1_-_48645022.23-P1P2_12	GATA1	0.22147852147852146	0.9996560006879986	0.9996560006879986	False	False	0.00014942270510833467	GATA1_-_48645022.23-P1P2_12	GTGAGCTTGCCACATCCGCA	GATA1	-0.1084266402690275	-0.0632707455921511	0.1126239053842763	0.1028281577097188
GINS1_GINS1_-_25388381.23-P1P2_00	GINS1	1.0	1.999996000008e-06	5.019597803941647e-06	True	True	5.299331079374182	GINS1_-_25388381.23-P1P2_00	GGACTAGAACGAAAGGAGTG	GINS1	-0.9993200473967392	-0.7124629757807877	1.0	1.0
GINS1_GINS1_-_25388381.23-P1P2_03	GINS1	1.0	1.999996000008e-06	5.019597803941647e-06	True	True	5.299331079374182	GINS1_-_25388381.23-P1P2_03	GGACTATAACGAAAGGAGTG	GINS1	-0.7467147553046813	-0.4796745713569253	0.7472228314141173	0.6732624538576903
GINS1_GINS1_-_25388381.23-P1P2_06	GINS1	1.0	1.999996000008e-06	5.019597803941647e-06	True	True	5.299331079374182	GINS1_-_25388381.23-P1P2_06	GGACTAGAACGGAAGGAGTG	GINS1	-0.9794415877111546	-0.6548304882617789	0.9801080147072316	0.9191080947668202
GINS1_GINS1_-_25388381.23-P1P2_08	GINS1	1.0	1.999996000008e-06	5.019597803941647e-06	True	True	5.299331079374182	GINS1_-_25388381.23-P1P2_08	GGACTAGAGCGAAAGGAGTG	GINS1	-1.0387461968540015	-0.6722807763938202	1.0394529756107351	0.9436009999776735
GINS1_GINS1_-_25388381.23-P1P2_14	GINS1	0.21245421245421245	0.9828640342719315	0.9996560006879986	False	False	0.00014942270510833467	GINS1_-_25388381.23-P1P2_14	GGACTAGAACGAAAGGAGCG	GINS1	-0.3534998178777505	-0.2609242770149016	0.3537403445459028	0.366228542232605
GNB2L1_GNB2L1_+_180670873.23-P1P2_00	GNB2L1	1.0	1.999996000008e-06	5.019597803941647e-06	True	True	5.299331079374182	GNB2L1_+_180670873.23-P1P2_00	GTGCAAGGCGGCGGCAGGAG	GNB2L1	-0.2908070036463151	-0.3053874493372467	1.0	1.0
GNB2L1_GNB2L1_+_180670873.23-P1P2_02	GNB2L1	0.2291208791208791	0.9517100965798069	0.9996560006879986	False	False	0.00014942270510833467	GNB2L1_+_180670873.23-P1P2_02	GTGCAAGACGGCGGCAGGAG	GNB2L1	-0.1438122018356437	-0.1272665792498374	0.4945279860266049	0.4167380798589857
GNB2L1_GNB2L1_+_180670873.23-P1P2_07	GNB2L1	0.95	0.0010499979000042	0.002167737600008671	True	True	2.6639932893685425	GNB2L1_+_180670873.23-P1P2_07	GTGCAAGGCGGGGGCAGGAG	GNB2L1	-0.3800320905043	-0.2732581444286871	1.306818906488587	0.8947916655439286
GNB2L1_GNB2L1_+_180670873.23-P1P2_08	GNB2L1	1.0	1.999996000008e-06	5.019597803941647e-06	True	True	5.299331079374182	GNB2L1_+_180670873.23-P1P2_08	GTGCAAGGTGGCGGCAGGAG	GNB2L1	-0.3060715631093124	-0.3155183097678701	1.0524903433259891	1.0331737943147612
GNB2L1_GNB2L1_+_180670873.23-P1P2_13	GNB2L1	0.8269230769230769	0.0120499759000482	0.020565292202748928	True	True	1.6868651154210397	GNB2L1_+_180670873.23-P1P2_13	GTGCAAGGCGGCGGCGGGAG	GNB2L1	-0.2097156198487223	-0.2073914810735507	0.7211505129490705	0.6791093789991459
HSPA5_HSPA5_+_128003624.23-P1P2_00	HSPA5	1.0	1.999996000008e-06	5.019597803941647e-06	True	True	5.299331079374182	HSPA5_+_128003624.23-P1P2_00	GAGCCGAGTAGGCGACGGTG	HSPA5	-0.7476322163407074	-0.4271815955574504	1.0	1.0
HSPA5_HSPA5_+_128003624.23-P1P2_01	HSPA5	1.0	1.999996000008e-06	5.019597803941647e-06	True	True	5.299331079374182	HSPA5_+_128003624.23-P1P2_01	GAACCGAGTAGGCGACGGTG	HSPA5	-0.6373270364549526	-0.3748080113579503	0.8524606384330995	0.8773973767967339
HSPA5_HSPA5_+_128003624.23-P1P2_04	HSPA5	1.0	1.999996000008e-06	5.019597803941647e-06	True	True	5.299331079374182	HSPA5_+_128003624.23-P1P2_04	GAGCCGAGAAGGCGACGGTG	HSPA5	-0.7544021520980724	-0.4224808887797475	1.0090551685834253	0.9889959988290958
HSPA5_HSPA5_+_128003624.23-P1P2_06	HSPA5	0.1935148185148185	0.9990320019359962	0.9996560006879986	False	False	0.00014942270510833467	HSPA5_+_128003624.23-P1P2_06	GAGCCGAGTAGACGACGGTG	HSPA5	-0.119163967557983	-0.0983516113374267	0.1593884866829738	0.230233728138692
HSPA5_HSPA5_+_128003624.23-P1P2_08	HSPA5	1.0	1.999996000008e-06	5.019597803941647e-06	True	True	5.299331079374182	HSPA5_+_128003624.23-P1P2_08	GAGCCGAGTGGGCGACGGTG	HSPA5	-0.7565658198421817	-0.4434939396252906	1.0119491954817037	1.0381859711127148
HSPA9_HSPA9_-_137911079.23-P1P2_00	HSPA9	1.0	1.999996000008e-06	5.019597803941647e-06	True	True	5.299331079374182	HSPA9_-_137911079.23-P1P2_00	GGAGCTGCGCGATGCGGTGG	HSPA9	-0.9499755540232864	-0.5891528111131659	1.0	1.0
HSPA9_HSPA9_-_137911079.23-P1P2_02	HSPA9	1.0	1.999996000008e-06	5.019597803941647e-06	True	True	5.299331079374182	HSPA9_-_137911079.23-P1P2_02	GGAGTTGCGCGATGCGGTGG	HSPA9	-0.6503982112690434	-0.402698762979181	0.6846473138329836	0.6835217542598294
HSPA9_HSPA9_-_137911079.23-P1P2_04	HSPA9	0.1935148185148185	0.9990320019359962	0.9996560006879986	False	False	0.00014942270510833467	HSPA9_-_137911079.23-P1P2_04	GGAGCTGCGCAATGCGGTGG	HSPA9	-0.2004744732615032	-0.1657160527769909	0.2110311917106332	0.2812785573642281
HSPA9_HSPA9_-_137911079.23-P1P2_07	HSPA9	1.0	1.999996000008e-06	5.019597803941647e-06	True	True	5.299331079374182	HSPA9_-_137911079.23-P1P2_07	GGAGCTGCGGGATGCGGTGG	HSPA9	-0.8109496379714399	-0.5035737975969707	0.8536531645861294	0.8547422469995533
HSPA9_HSPA9_-_137911079.23-P1P2_08	HSPA9	1.0	1.999996000008e-06	5.019597803941647e-06	True	True	5.299331079374182	HSPA9_-_137911079.23-P1P2_08	GGAGCTGCTCGATGCGGTGG	HSPA9	-0.3582296339286112	-0.2761767910941855	0.3770935287876155	0.4687693682940551
HSPE1_HSPE1_+_198365089.23-P1P2_00	HSPE1	1.0	1.999996000008e-06	5.019597803941647e-06	True	True	5.299331079374182	HSPE1_+_198365089.23-P1P2_00	GGAGACTCGCAGTCCGGCCC	HSPE1	-0.7018406373053319	-0.5671926062704215	1.0	1.0
HSPE1_HSPE1_+_198365089.23-P1P2_01	HSPE1	1.0	1.999996000008e-06	5.019597803941647e-06	True	True	5.299331079374182	HSPE1_+_198365089.23-P1P2_01	GGAGACACGCAGTCCGGCCC	HSPE1	-0.6159740158253385	-0.4833910777856472	0.8776551015773719	0.8522520788206114
HSPE1_HSPE1_+_198365089.23-P1P2_02	HSPE1	1.0	1.999996000008e-06	5.019597803941647e-06	True	True	5.299331079374182	HSPE1_+_198365089.23-P1P2_02	GGAGACTGGCAGTCCGGCCC	HSPE1	-0.436529137954851	-0.3564535632158425	0.62197757546624	0.628452415061799
HSPE1_HSPE1_+_198365089.23-P1P2_03	HSPE1	1.0	1.999996000008e-06	5.019597803941647e-06	True	True	5.299331079374182	HSPE1_+_198365089.23-P1P2_03	GGTGACTCGCAGTCCGGCCC	HSPE1	-0.6427427969045738	-0.4650126199264733	0.91579592679663	0.8198495798176332
HSPE1_HSPE1_+_198365089.23-P1P2_14	HSPE1	0.425595238095238	0.39610320779358443	0.5121334403795839	False	False	0.290616865450181	HSPE1_+_198365089.23-P1P2_14	GGAGACTCGCAGTCCTGCCC	HSPE1	-0.2088199981999228	-0.196531939262099	0.2975319283330082	0.3464994731761333
MTOR_MTOR_+_11322547.23-P1P2_00	MTOR	0.8214285714285714	0.013083973832052335	0.020934358131283737	True	True	1.6791403504792264	MTOR_+_11322547.23-P1P2_00	GGGCAGGGGGCCTGAAGCGG	MTOR	-0.6872198437504253	-0.5617921710034551	1.0	1.0
MTOR_MTOR_+_11322547.23-P1P2_05	MTOR	0.8214285714285714	0.013083973832052335	0.020934358131283737	True	True	1.6791403504792264	MTOR_+_11322547.23-P1P2_05	GGGCAGGGGGCTTGAAGCGG	MTOR	-0.4312533286354853	-0.3447540138510628	0.6275332887391153	0.6136682418255744
MTOR_MTOR_+_11322547.23-P1P2_06	MTOR	0.8214285714285714	0.013083973832052335	0.020934358131283737	True	True	1.6791403504792264	MTOR_+_11322547.23-P1P2_06	GGGCAGGGGGGCTGAAGCGG	MTOR	-0.3933075185467043	-0.2988549733875525	0.5723168824699132	0.531967138049908
MTOR_MTOR_+_11322547.23-P1P2_07	MTOR	0.8214285714285714	0.013083973832052335	0.020934358131283737	True	True	1.6791403504792264	MTOR_+_11322547.23-P1P2_07	GGGCAGGGGGTCTGAAGCGG	MTOR	-0.5893385602698615	-0.4798513879222031	0.8575691834706233	0.8541439569460499
MTOR_MTOR_+_11322547.23-P1P2_10	MTOR	0.1935148185148185	0.9990320019359962	0.9996560006879986	False	False	0.00014942270510833467	MTOR_+_11322547.23-P1P2_10	GGGCAGGGGGCCTGAAGCAG	MTOR	-0.3048080032634771	-0.2326611206083675	0.443537837324402	0.4141409094270497
POLR1D_POLR1D_+_28196016.23-P1_00	POLR1D	1.0	1.999996000008e-06	5.019597803941647e-06	True	True	5.299331079374182	POLR1D_+_28196016.23-P1_00	GGGAAGCAAGGACCGACCGA	POLR1D	-0.7593932803799408	-0.6213200576724395	1.0	1.0
POLR1D_POLR1D_+_28196016.23-P1_01	POLR1D	1.0	1.999996000008e-06	5.019597803941647e-06	True	True	5.299331079374182	POLR1D_+_28196016.23-P1_01	GGGAAGCCAGGACCGACCGA	POLR1D	-0.6944575248560731	-0.5416483696083264	0.9144899524375842	0.8717702944234965
POLR1D_POLR1D_+_28196016.23-P1_03	POLR1D	1.0	1.999996000008e-06	5.019597803941647e-06	True	True	5.299331079374182	POLR1D_+_28196016.23-P1_03	GGTAAGCAAGGACCGACCGA	POLR1D	-0.8471167069717869	-0.6833334545092377	1.1155177809157808	1.0998091017198284
POLR1D_POLR1D_+_28196016.23-P1_07	POLR1D	0.1935148185148185	0.9990320019359962	0.9996560006879986	False	False	0.00014942270510833467	POLR1D_+_28196016.23-P1_07	GGGAAGCAAGGAGCGACCGA	POLR1D	-0.3019166520481611	-0.2429748784096523	0.3975761438093127	0.3910623444539576
POLR1D_POLR1D_+_28196016.23-P1_08	POLR1D	1.0	1.999996000008e-06	5.019597803941647e-06	True	True	5.299331079374182	POLR1D_+_28196016.23-P1_08	GGGAAGCAGGGACCGACCGA	POLR1D	-0.8088134759300709	-0.6317254615182714	1.065078526274823	1.0167472524302723
POLR2H_POLR2H_+_184081251.23-P1P2_00	POLR2H	1.0	1.999996000008e-06	5.019597803941647e-06	True	True	5.299331079374182	POLR2H_+_184081251.23-P1P2_00	GGGGCCACGAGAGCAGCAGA	POLR2H	-1.149173044073322	-0.6391256658727557	1.0	1.0
POLR2H_POLR2H_+_184081251.23-P1P2_07	POLR2H	0.21592643467643466	0.9778880442239115	0.9996560006879986	False	False	0.00014942270510833467	POLR2H_+_184081251.23-P1P2_07	GGGGCCACGAGTGCAGCAGA	POLR2H	-0.1894106012661743	-0.1425504418598878	0.1648233938683381	0.2230397705359377
POLR2H_POLR2H_+_184081251.23-P1P2_08	POLR2H	1.0	1.999996000008e-06	5.019597803941647e-06	True	True	5.299331079374182	POLR2H_+_184081251.23-P1P2_08	GGGGCCACGCGAGCAGCAGA	POLR2H	-0.5208198396352288	-0.3339602249423617	0.4532127187643972	0.5225266997943567
POLR2H_POLR2H_+_184081251.23-P1P2_11	POLR2H	1.0	1.999996000008e-06	5.019597803941647e-06	True	True	5.299331079374182	POLR2H_+_184081251.23-P1P2_11	GGGGCCACGAGAGCAGCGGA	POLR2H	-0.9966080888246888	-0.5466802830091584	0.8672393543901304	0.8553564849608115
POLR2H_POLR2H_+_184081251.23-P1P2_12	POLR2H	0.4791208791208791	0.28733742532514933	0.3791669117692692	False	False	0.4211695686520332	POLR2H_+_184081251.23-P1P2_12	GGGGCCACGAGAGCAGGAGA	POLR2H	-0.351637116825782	-0.2297539754147696	0.305991441967156	0.3594816914464387
RAN_RAN_+_131356438.23-P1P2_00	RAN	0.7048611111111112	0.04595190809618381	0.07261536094211762	True	False	1.1389714995926892	RAN_+_131356438.23-P1P2_00	GGCGGTCGCTGCGCTTAGGG	RAN	-0.197388026435577	-0.1614815303419713	1.0	1.0
RAN_RAN_+_131356438.23-P1P2_02	RAN	0.85	0.007955984088031824	0.013950218674905117	True	True	1.8554189846082847	RAN_+_131356438.23-P1P2_02	GGCGGCCGCTGCGCTTAGGG	RAN	-0.2315942518936872	-0.20413453261914	1.1732943283126362	1.264135484639277
RAN_RAN_+_131356438.23-P1P2_03	RAN	0.49851190476190477	0.2518574962850074	0.3358099950466766	False	False	0.47390638166724436	RAN_+_131356438.23-P1P2_03	GGGGGTCGCTGCGCTTAGGG	RAN	-0.2161927095934307	-0.1969856862082944	1.0952675980272348	1.2198651188847145
RAN_RAN_+_131356438.23-P1P2_04	RAN	0.5909090909090909	0.12653974692050615	0.17996764006471985	False	False	0.7448055782564218	RAN_+_131356438.23-P1P2_04	GGCGGTCGCGGCGCTTAGGG	RAN	-0.0859018102682769	-0.0872105686621036	0.4351926092959513	0.5400652847258557
RAN_RAN_+_131356438.23-P1P2_12	RAN	0.1935148185148185	0.9990320019359962	0.9996560006879986	False	False	0.00014942270510833467	RAN_+_131356438.23-P1P2_12	GGCGGTCGCTGCGCTTAGGT	RAN	-0.0465485617628788	-0.0342591414408016	0.2358226210750998	0.2121551694998843
RPL9_RPL9_+_39460483.23-P1P2_00	RPL9	1.0	1.999996000008e-06	5.019597803941647e-06	True	True	5.299331079374182	RPL9_+_39460483.23-P1P2_00	GGATGTTTCTGTGCTCGTGG	RPL9	-1.1131154019306322	-0.6698765447274531	1.0	1.0
RPL9_RPL9_+_39460483.23-P1P2_01	RPL9	1.0	1.999996000008e-06	5.019597803941647e-06	True	True	5.299331079374182	RPL9_+_39460483.23-P1P2_01	GGATGATTCTGTGCTCGTGG	RPL9	-0.8528001832803509	-0.4984321138460103	0.7661381576440501	0.7440656308526269
RPL9_RPL9_+_39460483.23-P1P2_04	RPL9	0.8214285714285714	0.013083973832052335	0.020934358131283737	True	True	1.6791403504792264	RPL9_+_39460483.23-P1P2_04	GGATGTTTCAGTGCTCGTGG	RPL9	-0.4170726238234017	-0.2942013920665234	0.3746894734364596	0.4391874807114236
RPL9_RPL9_+_39460483.23-P1P2_05	RPL9	1.0	1.999996000008e-06	5.019597803941647e-06	True	True	5.299331079374182	RPL9_+_39460483.23-P1P2_05	GGATGTTTCGGTGCTCGTGG	RPL9	-0.6073311264725908	-0.3848144783836599	0.5456138019644785	0.5744558178854077
RPL9_RPL9_+_39460483.23-P1P2_07	RPL9	0.4207875457875458	0.40220919558160884	0.5148277703444593	False	False	0.2883380348405429	RPL9_+_39460483.23-P1P2_07	GGATGTTTCTGCGCTCGTGG	RPL9	-0.2924212015580737	-0.2073174903899761	0.2627051975481487	0.3094861165415571
RPS14_RPS14_+_149829238.23-P1P2_00	RPS14	0.8833333333333332	0.00331999336001328	0.005985340141995772	True	True	2.2229111639552657	RPS14_+_149829238.23-P1P2_00	GAGGCCCGGGCGCGACAATC	RPS14	-0.7908191032615257	-0.4994868640318564	1.0	1.0
RPS14_RPS14_+_149829238.23-P1P2_01	RPS14	0.8714285714285716	0.004595990808018384	0.008170650325366017	True	True	2.087743375355248	RPS14_+_149829238.23-P1P2_01	GAGACCCGGGCGCGACAATC	RPS14	-0.7548405237636573	-0.4806902817531128	0.9545046656694506	0.9623682149976526
RPS14_RPS14_+_149829238.23-P1P2_02	RPS14	0.9	0.002247995504008992	0.0043597488562598635	True	True	2.360538527585072	RPS14_+_149829238.23-P1P2_02	GAGGCCCTGGCGCGACAATC	RPS14	-0.5844509609537281	-0.3829241100371872	0.7390450718037963	0.7666349960562026
RPS14_RPS14_+_149829238.23-P1P2_04	RPS14	0.4283549783549784	0.4771070457859084	0.5929097268019056	False	False	0.22701142490930554	RPS14_+_149829238.23-P1P2_04	GAGGCCCGCGCGCGACAATC	RPS14	-0.3024598037133722	-0.1957576338779312	0.3824639572640015	0.3919174816686394
RPS14_RPS14_+_149829238.23-P1P2_08	RPS14	0.2232967032967033	0.9993360013279974	0.9996560006879986	False	False	0.00014942270510833467	RPS14_+_149829238.23-P1P2_08	GAGGCCCGGGCTCGACAATC	RPS14	0.0273786138447461	-0.000610864142997	-0.0346205772367286	0.0012229833995355
RPS14_RPS14_+_149829238.23-P1P2_13	RPS14	0.25632700632700633	0.9717160565678868	0.9996560006879986	False	False	0.00014942270510833467	RPS14_+_149829238.23-P1P2_13	GAGGCCCGGGCGCGACAGTC	RPS14	-0.2119389812690523	-0.1559180934531028	0.2679993191805379	0.3121565444074594
RPS15_RPS15_-_1438413.23-P1P2_00	RPS15	0.6706730769230769	0.06790386419227161	0.10106621647221821	False	False	0.9953939922985667	RPS15_-_1438413.23-P1P2_00	GACCAAAGCGATCTCTTCTG	RPS15	-0.6212193126216229	-0.3759852890987197	1.0	1.0
RPS15_RPS15_-_1438413.23-P1P2_01	RPS15	0.20650183150183152	0.9908040183919632	0.9996560006879986	False	False	0.00014942270510833467	RPS15_-_1438413.23-P1P2_01	GACCAAACCGATCTCTTCTG	RPS15	0.0066157924554312	0.0014221349840811	-0.0106496889601061	-0.0037824218800957
RPS15_RPS15_-_1438413.23-P1P2_02	RPS15	0.6846590909090909	0.056911886176227645	0.08776772807900167	False	False	1.0566651434745957	RPS15_-_1438413.23-P1P2_02	GACCAAGGCGATCTCTTCTG	RPS15	-0.4921920539663397	-0.3145471742306536	0.7922999880496759	0.8365943651270497
RPS15_RPS15_-_1438413.23-P1P2_07	RPS15	0.6519230769230769	0.07975784048431903	0.11601140434082767	False	False	0.9354993159554775	RPS15_-_1438413.23-P1P2_07	GACCAAAGCGGTCTCTTCTG	RPS15	-0.5220782489426314	-0.3074113275256559	0.8404089157167316	0.8176153068715972
RPS15_RPS15_-_1438413.23-P1P2_12	RPS15	0.20203754578754576	0.9949620100759798	0.9996560006879986	False	False	0.00014942270510833467	RPS15_-_1438413.23-P1P2_12	GACCAAAGCGATCTCTTGTG	RPS15	0.0310974355122204	0.0117281076762881	-0.0500587069339255	-0.0311929961525935
RPS18_RPS18_+_33239917.23-P1P2_00	RPS18	1.0	1.999996000008e-06	5.019597803941647e-06	True	True	5.299331079374182	RPS18_+_33239917.23-P1P2_00	GCTGCGATGCCGCTGGATCA	RPS18	-0.8169301300761113	-0.5029541919806062	1.0	1.0
RPS18_RPS18_+_33239917.23-P1P2_01	RPS18	0.95	0.0010499979000042	0.002167737600008671	True	True	2.6639932893685425	RPS18_+_33239917.23-P1P2_01	GCTGCAATGCCGCTGGATCA	RPS18	-0.5598075113925379	-0.3779438938530532	0.6852575156462672	0.751447944721826
RPS18_RPS18_+_33239917.23-P1P2_02	RPS18	0.95	0.0010499979000042	0.002167737600008671	True	True	2.6639932893685425	RPS18_+_33239917.23-P1P2_02	GCTGGGATGCCGCTGGATCA	RPS18	-0.4897570840164126	-0.3191234834901996	0.599509145256747	0.634498108532526
RPS18_RPS18_+_33239917.23-P1P2_04	RPS18	0.20650183150183152	0.9908040183919632	0.9996560006879986	False	False	0.00014942270510833467	RPS18_+_33239917.23-P1P2_04	GCTGCGATCCCGCTGGATCA	RPS18	-0.0869706731373582	-0.0806750563478658	0.1064603568107536	0.16040239376507
RPS18_RPS18_+_33239917.23-P1P2_08	RPS18	0.5457875457875457	0.1803216393567213	0.24554435997510984	False	False	0.6098700369337964	RPS18_+_33239917.23-P1P2_08	GCTGCGATTCCGCTGGATCA	RPS18	-0.2228195415054164	-0.1636922152304223	0.2727522627726522	0.3254614790778686
SEC61A1_SEC61A1_-_127771295.23-P1_00	SEC61A1	1.0	1.999996000008e-06	5.019597803941647e-06	True	True	5.299331079374182	SEC61A1_-_127771295.23-P1_00	GGCACTGACGTGTCTCTCGG	SEC61A1	-0.920031124755446	-0.5629399658246562	1.0	1.0
SEC61A1_SEC61A1_-_127771295.23-P1_01	SEC61A1	1.0	1.999996000008e-06	5.019597803941647e-06	True	True	5.299331079374182	SEC61A1_-_127771295.23-P1_01	GGCACTGTCGTGTCTCTCGG	SEC61A1	-0.4191276751152053	-0.2918332715070603	0.4555581478035473	0.5184092251818556
SEC61A1_SEC61A1_-_127771295.23-P1_02	SEC61A1	1.0	1.999996000008e-06	5.019597803941647e-06	True	True	5.299331079374182	SEC61A1_-_127771295.23-P1_02	GGCGCTGACGTGTCTCTCGG	SEC61A1	-0.645088499214588	-0.4055074823391584	0.7011594302160804	0.7203387695970858
SEC61A1_SEC61A1_-_127771295.23-P1_03	SEC61A1	1.0	1.999996000008e-06	5.019597803941647e-06	True	True	5.299331079374182	SEC61A1_-_127771295.23-P1_03	GGTACTGACGTGTCTCTCGG	SEC61A1	-0.5031323222012973	-0.3419268249552734	0.5468644578030284	0.6073948302007328
SEC61A1_SEC61A1_-_127771295.23-P1_04	SEC61A1	0.20650183150183152	0.9908040183919632	0.9996560006879986	False	False	0.00014942270510833467	SEC61A1_-_127771295.23-P1_04	GGCACTGAAGTGTCTCTCGG	SEC61A1	-0.1539493907977667	-0.1153390745013914	0.1673306333399189	0.2048869888504542
TUBB_TUBB_+_30688126.23-P1_00	TUBB	1.0	1.999996000008e-06	5.019597803941647e-06	True	True	5.299331079374182	TUBB_+_30688126.23-P1_00	GCGGCAGGAAGGTTCTGAGA	TUBB	-0.8970466249263893	-0.6999047719896134	1.0	1.0
TUBB_TUBB_+_30688126.23-P1_01	TUBB	1.0	1.999996000008e-06	5.019597803941647e-06	True	True	5.299331079374182	TUBB_+_30688126.23-P1_01	GCAGCAGGAAGGTTCTGAGA	TUBB	-0.9259875501196552	-0.6119494470964847	1.0322624536886706	0.8743324400502387
TUBB_TUBB_+_30688126.23-P1_03	TUBB	1.0	1.999996000008e-06	5.019597803941647e-06	True	True	5.299331079374182	TUBB_+_30688126.23-P1_03	GCGGCAGCAAGGTTCTGAGA	TUBB	-0.6925686811620142	-0.4958727960173164	0.7720542744574126	0.7084860910545058
TUBB_TUBB_+_30688126.23-P1_06	TUBB	1.0	1.999996000008e-06	5.019597803941647e-06	True	True	5.299331079374182	TUBB_+_30688126.23-P1_06	GCGGCAGGACGGTTCTGAGA	TUBB	-0.7308024083478801	-0.5544460835553608	0.8146760581233433	0.7921736009589442
TUBB_TUBB_+_30688126.23-P1_10	TUBB	0.20582542457542458	0.9918320163359673	0.9996560006879986	False	False	0.00014942270510833467	TUBB_+_30688126.23-P1_10	GCGGCAGGAAGGTTCAGAGA	TUBB	-0.197799923513462	-0.1450785758111203	0.220501273865997	0.2072833071257774
